Study_Hours,Attendance,Previous_Score,Assignment_Score,Sleep_Hours,Participation_Score,Final_Score
4.370861069626263,59.25664644193098,55.70234102415436,80.36217965253388,6.859979391417964,63.618131216646525,72.15578842889053
9.556428757689245,77.0950473689179,54.81872794431999,87.80088383148234,8.02716164649993,68.40613956250128,98.48784519768606
7.587945476302646,93.64729179382041,94.3752748312622,55.02807392754994,7.800804648950795,91.27284359213081,100.0
6.387926357773329,86.61124432047805,54.972771990970365,77.49244597641993,4.769499523468868,60.40026316359353,89.06858398442364
2.4041677639819286,90.32805739307248,56.316983567717855,74.30475898862491,4.746247348707369,92.17898108873028,77.62464768014634
2.403950683025824,82.93916833553587,85.56389574507782,89.96982260729627,5.340871838724567,45.28806585860149,85.88793655836746
1.5227525095137953,84.61382822589263,66.9843905470324,94.36522362887564,5.805373631705186,86.60790623251785,79.4533174060294
8.795585311974417,92.45978257826596,86.60263341731087,40.72940628864321,6.042277907042413,90.85285798328418,100.0
6.41003510568888,62.483400442959294,43.92196945386311,80.44119514352755,7.398486084166726,50.909059170240326,78.73749867714953
7.372653200164409,74.47124818215703,69.25427162040306,43.11014794718374,4.283402160829177,65.82079194233202,85.19353030665152
1.185260448662222,61.06047209098011,42.016816010996955,72.93151990464136,4.173363521130332,49.929986479819334,58.35512364348273
9.72918866945795,99.38340039983234,43.75919220732127,57.25796374262069,5.959552814719546,82.39624773965306,94.72230277056829
8.491983767203795,97.20296698433066,94.38624720066466,58.40659597132847,7.485818460689902,72.12086608369941,100.0
2.9110519961044856,51.9713405684253,48.354722267055706,61.177510207141395,4.967176714782413,78.11940080249926,63.98139443129808
2.636424704863906,85.27875862578442,71.94524093651303,77.27754694297661,7.207522406281258,51.78921801737267,82.63607649745202
2.650640588680904,96.26241587078329,64.66573615604239,60.042997940126156,5.299140689701497,52.70475172314517,73.13433279554549
3.7381801866358395,59.02876725636668,60.84059957553056,83.96194303541682,8.430430544067582,42.48983953059438,71.83401725765023
5.72280788469014,78.39726152763147,93.99000074123634,64.27164313443218,8.478449721333082,59.32405211174378,95.72978474615364
4.887505167779041,95.77441487940209,41.30940380652937,44.101192018597516,5.486436021406632,73.5846796800205,79.28348133123892
3.6210622617823773,51.69729892928994,79.82738117053535,87.02559054904643,5.149968769816203,91.47609483983973,84.1379478510977
6.506676052501415,84.871013362342,97.80366605281303,57.14549947556236,6.056519860331156,80.01564684752084,99.04872328358063
2.2554447458683766,64.86745036862754,73.61009100771051,65.96601277595576,5.202657925900743,66.12377940398508,73.26536113801852
3.629301836816963,96.21980976882652,96.20934772198551,81.12663299331409,7.361919216458518,97.18720686364827,100.0
4.297256589643226,98.55291225826838,43.13547275716142,59.94736942892272,8.130323422741426,83.1547120345499,82.62561025567712
5.104629857953324,97.2133244556717,65.12759914444968,43.39513936880294,7.365460654556085,95.809912171753,82.81341810181243
8.066583652537123,73.71071083287319,55.60946745772307,62.43526282076881,8.121752236246747,71.65527839632995,92.91395486903173
2.7970640394252375,93.10213254946567,83.84925789884379,96.66691496165821,5.984960811037371,55.53425648758838,89.4052344223068
5.628109945722504,92.22746992675351,98.8778254298348,78.50406383791349,4.781584853544304,43.16960118188332,100.0
6.331731119758382,65.95502366216279,55.39180374665487,80.28874892003242,7.689754736987961,83.56509108903103,81.36953787364186
1.4180537144799796,91.44577370753387,79.25047608844446,77.9369292182584,5.802372525707769,47.27817988033205,84.14061571249155
6.467903667112945,51.85038173577463,51.88585796558441,51.93952833756621,7.356354126145662,58.166507696318035,74.97814844381604
2.5347171131856236,79.81349392410266,73.9198152742966,65.1000318461368,5.353219709908828,71.94825447303384,81.79373020612661
1.5854643368675156,61.50044186438515,67.83594920130017,85.0563879017991,4.406148174033364,73.86499526678486,70.71958485112519
9.539969835279999,56.02834428886394,98.32031977789222,46.08237385318955,8.962908977438817,76.03499181922817,100.0
9.690688297671034,53.84766008146046,76.51163636178799,56.671166565382734,4.781007539652997,49.97531982098204,82.3908210701772
8.275576133048151,84.81443879390699,60.97038232520913,56.579146507951215,8.942104969817406,62.784244289298925,90.10828074537459
3.741523922560336,66.9937481884033,46.845747093276,65.92113565567035,8.886399662832236,77.031653627018,78.46400564542213
1.8790490260574548,86.23833857643808,49.07480972409607,98.8221244565311,7.969090519540198,98.18913187802708,87.48826540961218
7.158097238609412,53.26781703994712,53.519015797074104,44.05015280102931,7.297114810409988,83.65786826198132,77.20098730347904
4.961372443656412,65.76451689153052,55.05799968041788,71.12205966283571,6.889035251255423,95.35622542563746,78.25470786389565
2.0983441136030097,76.97456461876686,91.03696347046827,50.76188092073263,8.330507726889174,85.73272349885062,88.61148039254536
5.456592191001432,89.53615824194819,73.6733672969515,98.24059272458464,5.44719760809744,75.50301813354403,97.22005289414224
1.3094966900369656,65.9376251466035,71.40345468246198,46.798210283647855,6.338406062424385,51.52140214818067,57.62667198657947
9.18388361870904,81.29456882185045,46.88613231215305,64.21606014169548,7.096949846832509,80.00113911355078,93.34495963959257
3.3290198344001523,94.29888741180935,91.6083816009661,84.27309909007637,6.055952379347455,77.40277395759443,97.17307147894448
6.962700559185838,80.79315940911523,83.36885819250902,82.27326568164672,6.13743227045134,76.14815022743599,100.0
3.8053996848046987,61.64797373768169,44.0601017140001,65.36371821363593,5.651423337510423,69.38715207929445,63.96740129559068
5.680612190600297,51.220039077826904,82.47010583378612,60.79145007716309,6.82115908342268,71.71939623935654,71.53738875307286
5.920392514089517,93.50494369504649,72.61229304055877,63.85674271317224,8.25287264007558,60.06655162708624,93.09148460531958
2.6636900997297435,51.063470542519354,44.9035207448067,55.85657578951836,5.0076418900315645,71.15876155853819,62.15882275607408
9.726261649881026,93.73508363420997,67.49803849171938,52.31997632240799,8.672165193767206,51.85335434070869,89.7907825655327
7.976195410250031,76.4468567013606,69.08177722780282,68.9823818535334,7.445438268741148,88.3104638416226,92.31622310917277
9.455490474077703,96.95338492564481,49.94647240979654,56.112025364056436,8.11636606340015,51.14661728192247,100.0
9.053446153848839,89.93916178868326,96.74188882001694,57.247699893835005,6.780953463150058,45.097977393367984,100.0
6.381099809299767,99.89670552666686,90.99852228883972,79.40536380847342,7.897583507120317,66.17476158142944,100.0
9.296868115208051,67.53559077258551,80.1413402397465,98.11223990199353,4.081001986697336,79.49844637036371,100.0
1.7964325184672756,88.35941444655634,67.73773366003644,76.21823203356251,8.091902123897675,66.26300949601249,73.5845496236399
2.763845761772307,70.0965456804621,64.70593249507051,44.61876802389798,4.200694295426833,56.605247917078515,67.17489043932018
1.4070456001948426,73.99378101519544,79.05840802905725,44.53501683124402,8.449566881814313,73.49027103342644,75.31428135002581
3.927972976869379,81.37527316091851,72.72591216441432,97.08539325073396,8.959813736193215,60.82014012473199,89.72625769308576
4.498095607205338,93.68385570931693,43.73638635291314,57.83744741844002,5.470337310883889,95.97206140759798,79.85494337037142
3.442141285965063,99.20417345996475,70.75015892621991,45.52401916494853,5.051592781428968,95.35870837621432,86.67590960522838
8.458637582367365,88.41367069322591,88.38421703397037,75.9426752290229,7.826816819290204,70.14230919832573,100.0
4.210779940242304,70.8883391083667,67.55439265581748,77.41892669741597,5.2651317046012664,59.673039641095514,75.48389403477263
3.5284105871864266,71.06785011385351,43.117394653256106,78.91028920712128,8.327811915861018,84.22794483739835,78.70231539103966
5.884264748424236,86.87911507944457,87.17669196304199,56.04412167145248,4.5142129607873835,42.202776608983996,80.29540700096473
2.2683180247728636,61.938857288415115,52.08182692815846,40.9066410528685,4.629775981896791,68.48614036261907,53.34078903023859
8.219772826786357,55.52370565656973,55.51725009328233,97.9009221672683,8.895757775503078,60.17940365622001,92.54181919485255
1.6709557931179373,67.73110788203883,49.882381205937754,55.05358274146615,7.369194491350023,95.23215310615328,71.78797607122044
9.881982429404655,64.36194958270409,59.81290389228985,80.56157728315284,8.234436122144764,40.720181636360955,90.30826997099348
7.9502029236699165,64.81540602279951,85.4050903413181,82.39779219272258,5.62164688675759,73.16889254310095,92.34155624473145
2.7884411338075514,61.680387552495496,71.16315157023624,76.60044502476914,7.3824187476030225,84.43981486399755,78.35865524216501
1.0496990541124216,52.104659481818096,52.29287644904275,58.77444365281889,6.971209136542986,69.10107925144247,60.598950199669055
8.339152856093508,50.89369673667069,92.66980468912246,56.265775225843946,7.015750600614735,45.1241818097633,83.25654488842294
7.361716094628554,99.38611948680158,92.77491129709175,75.86009696216219,7.412662297688608,98.34768340167413,100.0
7.561064512368886,71.38865668679311,92.23470550276042,91.9657380167015,6.876795865645493,71.08062588256587,100.0
7.941433120173512,69.21633235798409,54.32777268289236,96.80402373540373,6.14531184651333,76.85117465914068,97.68633820926152
1.6664018656068134,83.9823641346535,67.07436065085929,46.35434826422546,5.379613471902735,54.19658696245044,68.6639313895818
4.226191556898454,60.912694393253204,99.0993793684525,49.28971675586319,7.8429066545660095,69.00988510640823,89.98814012756887
2.0428215357261674,97.49805919751127,86.32074857859942,96.68417552698477,5.131362150015931,65.74896951749932,85.34186061188777
8.767930832880342,89.3172507207776,41.63004527353359,84.19211370008756,7.4617715307720704,44.49375052011902,90.93936311523949
6.609683141448022,54.47055011561297,43.91227547562952,92.97962948978639,5.166664113246633,46.36962121284803,71.9800485105655
3.9780822236738427,70.87903878924642,67.83588260873996,52.15795804812059,7.12665084977227,90.24835117712647,82.30707160239798
1.5720251525742128,93.95591537810824,94.55321235169362,75.25515226656411,7.7353913356451445,54.38919713239542,88.91937946778476
3.79884089544096,97.2366011145705,72.32210787716285,82.06837566504842,5.093569444532696,51.69749628991784,92.64380144551089
3.9266498982407234,73.37007556249348,69.86875048205741,80.80671312681835,4.2997165043065415,70.29468707500835,79.26078260164574
7.566455605042576,80.67056946053539,46.32842199739783,64.48910145200189,4.6548687149708705,86.12482788175078,87.34959371171654
6.738017242196918,58.35169730460376,79.40680628345764,40.92369350147851,7.029984836355127,43.71679111473927,78.47356501425797
8.98491468318694,99.55843130684883,89.32618963601354,74.9755634082558,8.247232031128679,74.60847517829535,100.0
5.249934326457543,61.58358506917217,62.825200450453735,55.186092350776526,4.224984106177121,47.1526265704344,71.26423640912103
2.0763482134447155,97.13658870675629,86.53671105551965,67.01525476857341,7.670756295208231,42.18766304953711,82.24797960906811
7.419203085006955,82.48233244961843,97.8685992340487,97.45486090502904,5.70659322975026,43.164637129733045,100.0
7.847065437552077,80.38683974394296,52.22598754766135,63.94211905854608,6.392641849597613,90.04984649250648,89.1528905483234
6.051494778125466,75.63442555082543,71.39977787168448,90.3880963998656,8.644297749227828,47.07834901768369,92.04703641374444
7.938704619591049,61.53349058588793,57.22827748507453,51.31243634495507,5.659857523679227,42.70908186473752,76.79478746564216
5.444160367279517,58.82640160027542,87.57126514203037,80.34762988150173,6.32668466969743,66.27399322857474,93.23089501277174
5.704595464437946,61.02431045350877,74.65560195286946,98.6204172663366,4.0684120738034055,90.63960831652149,95.91581578195411
4.847869165226946,59.32191310721272,78.07494505301823,46.113586052376206,4.4079936000241915,55.74450258935812,71.18467615001404
1.2287721406968566,88.97922367833766,87.87484957695364,40.49919653363152,5.29295795567392,65.30275705155498,81.6776428546221
1.97102284293974,67.5062629583365,63.75822835974729,66.01496755795687,4.139261204105372,42.39535195382507,62.24786233235504
1.2828626711806081,52.89213382816982,94.90540410442259,45.55752898308203,7.156876630241255,66.94471084809256,76.87721885211612
6.727693701374023,98.45513150704056,71.9817320347684,84.90306098057388,6.131991784008113,74.65678483822802,100.0
3.82920382968694,94.18929424817128,49.47728937012088,94.87291983091353,6.74072601364011,74.25442322512869,78.29744511001657
5.577136220482325,96.38761415976064,81.75394709012815,66.04125836252553,4.873235929481647,59.945601530461914,93.12422320446818
9.168098265334837,99.74539113232177,87.59568102629527,55.52269852932646,5.479660147183081,58.93199083978813,100.0
3.2436300623398746,58.69476246097437,59.0057006240516,66.06419914039658,7.3191223742636256,46.39741713619587,66.42745025568942
4.693446307320667,69.81210094513294,91.43075541992518,83.40686907100006,8.826513618152,62.007899238776105,99.63458431889275
7.799960246887438,87.91192378520456,94.36859528594599,40.54324969482226,4.252083868011046,45.96968013237788,90.29794240428112
3.059183489424602,84.8010309026896,56.614269242668534,75.36723936908183,8.45192160427633,85.9957566827231,80.17205162734159
1.6928191884591368,57.69479531699275,99.01128836291332,76.79750109324274,6.884406006556042,97.97645786489116,89.1759711910631
3.6077630762239123,90.79165624953089,48.442691682925506,78.26129481375614,6.8195978337781185,98.20446740000241,87.25323016693417
2.4509915852860398,61.22202859183304,52.1209401041494,54.52132479885263,6.501392676038802,91.90426596252362,68.99973979856526
9.367278871083158,61.19088074113115,51.053490354281564,82.84316340268761,4.346970429520917,76.04752896037715,92.70345953787707
8.273083416079754,76.84872114467068,93.63938260047223,45.483489179906584,4.449384258680803,82.0519418346328,99.75657190250958
6.700633808593811,79.64699674208515,79.2575531394977,51.95622018800805,7.004560028295431,57.112348160824844,80.25237631126596
8.84314531168946,79.00431039189056,49.12625699333637,92.64820279926892,5.704792857177791,77.84622521035723,91.70567159798559
8.23304869209203,54.574341869887746,66.41940510210094,84.32338904359398,8.586340332888403,67.33897296639265,89.06022660601894
2.6791305299743224,93.87304313151901,76.91788150418813,40.824733240680715,6.032952686797361,68.92104038661594,82.3342543035655
9.0330309864098,63.2800021294353,45.007845099362996,54.90257562218801,4.716407293513205,85.46659362250948,71.2296855602885
5.854080177240856,56.47574606414021,92.94498210444033,52.864388979589876,7.57359416751018,56.915101335835104,96.64993786086357
8.266961396476564,94.43740399344887,88.21621212649211,56.248379682218356,5.466767107205049,59.082376701671194,100.0
9.06482169931144,97.78257491148767,70.31240641459829,54.85358621679318,6.627351536779466,95.4785074677182,100.0
3.8620312747467747,93.10638086327253,98.02759691555022,43.751577744570746,7.48916392752585,43.373457691058334,93.2152685333978
1.9904673207490908,90.4758037362439,65.06565875650598,67.53643099580921,8.501320556010352,69.13805790480042,90.42176734165147
3.051416462877475,82.7620990319511,99.04661914218987,83.9640084871699,7.96095597400838,94.76804802447171,100.0
4.843970097636307,77.54286853045696,80.07519992821761,76.40390348304618,7.381805339363621,76.62178046908943,95.9967067759312
8.362132893302437,54.34933799557051,78.0802763952365,80.37230011588478,7.398165911975718,72.78442445272793,95.25417998900575
8.74657524930709,70.42266065353493,49.9572937177471,44.86895071217435,8.729623220160432,54.984650753761315,80.59623940602256
1.0625691747807164,68.6344258506157,92.91566549827864,97.08944261060724,5.47912048748268,60.5965293438669,83.32299486167125
5.596725723198092,62.98768918801631,65.6493812752369,90.30951003058149,4.005560470980937,91.12290494828157,84.34635820961735
4.7566990283390105,86.17100568442925,49.734004346948765,88.30541910973976,5.359772796990994,73.55308790610749,81.07520936004579
2.9989702942365724,74.79378675393855,40.75645119854554,89.37902830250604,5.0894568981337205,70.8845316254068,67.63845740901428
2.0787883060031453,54.0523107953824,73.58534101830296,95.96263048796568,7.309172925569991,45.974782812401735,76.09751387742878
4.038536542632651,61.009160097490565,71.64397732736057,72.65523796682186,7.168557998827645,40.96168938730739,70.09550053714753
9.486187335212673,84.16293818297979,83.16121734214951,52.016921072057556,6.967306913523619,97.82111132122294,100.0
3.908826388186797,53.80654297451501,93.41548318106813,77.00701647115247,4.081217216047269,62.619170037210495,83.83305096795011
5.669115595690295,92.56034570243844,44.76439507858177,84.57288962007634,7.643890272253238,76.19278372597026,88.0267625865991
7.3271706300566,74.75732635069872,83.88978942042175,84.27504360124152,5.6176520624274575,44.782904391237096,92.34672420875964
4.272666421413646,74.0293288663324,51.244716645854936,71.2869414500128,7.325279945033156,80.98685714338279,91.69773139442498
9.746038744488645,79.62038923297588,91.49062318942984,44.10752316001468,6.782892142510766,95.95400252235765,100.0
9.662025654479,91.23404829625746,89.14381083169937,62.26677630580767,5.713654627139536,74.53991517984518,100.0
3.2660406624282774,67.39046039510966,72.44762529913265,95.24599650780144,4.672881335520539,47.566919342524635,81.22340023060755
5.475236553031469,83.90080762795318,82.61456791739869,75.06693458544555,4.472094488302405,74.90329164840861,90.97292374389954
3.707904788350927,78.28659819978955,58.861006791024906,72.29991659534281,8.157591665561117,85.98083278627914,79.26802656031309
3.5635644493972087,63.35141350847107,68.27007393596888,56.13121086293161,8.591987710407789,64.38499219444111,71.03858326378288
1.3319825261907952,93.9314993177579,89.2982138626283,62.10693519499473,7.248940233821498,92.79026487648807,91.93515171740273
6.486079005819072,89.8713010803464,67.55591183039283,93.72076534919016,4.517170574302417,78.92097720144187,93.79810709448971
5.524111209059753,82.92259173292128,61.46789591952651,79.98778285161015,6.0101360844412035,93.95493509735215,94.82489932629261
1.463308761249904,92.52908645471209,69.652746835018,87.24322160513998,7.644696000525786,77.41031867484023,90.32008268985548
3.507818178129503,93.36471004799012,89.6949551462331,67.2607253840593,7.899104420050341,47.877278320289456,95.95263516024421
9.174392973699883,85.41814883575174,60.11248284225236,77.81483316736947,4.591093111455443,58.58150266631135,89.94340809626449
3.1560570160027517,91.85066641818361,50.42569558814463,54.90301652459245,4.000153594226912,52.10769689514741,72.40014575774356
2.304053848821008,84.87357308346418,82.72084121984685,82.32764981700917,7.560685229403025,94.52958986301174,95.15415581281019
5.405074842498067,84.00703858801502,89.55869276248491,65.65608002220024,5.782980879931028,85.62400403724897,94.56447783367499
9.870854086995406,80.93056891075922,46.038248711412,66.55273088888474,5.272406658091301,80.58390213460036,87.55213348904105
3.178497443603504,87.63583197788206,54.39244676535668,78.9593394746129,4.064487348947627,58.0579791778973,83.08279528522328
7.049219926652907,57.93025526465368,48.51831938565964,96.1768372881356,6.701497033807499,51.04268632301281,82.24997695382982
7.854576537958458,94.04353795994642,60.87648469493,43.84038079651725,8.25575367712991,85.3870652793347,95.17870537386278
3.1387378959315972,93.5921763872616,67.02105873432475,89.48459424082046,8.788158231362939,68.44947675274477,86.6088222925125
7.553947137506736,51.462364151727954,84.92958021779839,57.54298662473158,6.828724753066446,53.54737312903775,81.60235718859464
4.3100481944732785,91.29083752823814,79.06885509290045,66.63516727038267,6.572306638699471,76.99731868991651,89.12860662131303
6.690752475342215,56.44349337367226,77.25571404870587,41.31479972650054,4.425281927446205,42.420031128307116,75.5473590557638
6.7017673968480524,66.7559427129571,61.142496796579266,58.06276467005878,6.744364007712999,59.57021524769521,76.52997444922919
5.821972156672826,87.1754128145804,90.4868531850856,70.15787455780783,5.899895394826974,68.11341967546808,96.94830715424895
1.8126079304896747,58.03799480241541,68.27723004388987,43.37056464084634,7.0356764044178846,48.87750004656435,57.81830734860371
8.51772246030314,90.8983512059531,98.74629628090926,69.46574376298992,5.943631739382734,99.07926865545038,100.0
3.8870205847456223,91.6067088978871,78.04852829774421,95.62663773150564,5.201495617251833,52.54584187537685,93.78825890506295
2.678666593598688,75.37338668804182,47.57588449387016,46.323593086468314,4.474826376141882,47.82118780259593,64.62449269856987
1.3669762739928752,50.31929358584168,80.57065372452604,85.86644368453025,5.574592222944479,52.21209243321378,72.09426220372296
6.318036488694176,64.35190665874563,59.506240925901935,64.58026320255956,4.483224171438762,86.14366798958346,78.06337715028016
7.098079256580542,80.84634591878711,81.17963180116584,79.31042287146028,4.88448475411992,65.53033955631057,91.8592648564867
1.1492904603507053,99.05930890137117,44.178468889744344,55.614195879113765,8.936680792897729,73.92495638515229,70.96837177177859
5.608837524693529,81.59067635083342,50.49288623055756,49.5695357524815,6.220517784533094,41.26054941918164,75.74975083771851
3.0384619767814414,62.99017905320799,91.34423553434718,49.627756856273585,6.659358832525083,42.065878514398875,80.59008512208904
6.806555113685048,81.70028515498056,53.63077342141089,44.22951673858868,8.368092643686076,66.74953298962097,79.77891023963343
2.569297861044923,76.99926898579278,90.22246751457641,51.13880229407458,8.97784450245344,88.99931459209742,83.39688907481539
7.218439642922194,88.99226975755718,56.75656530726462,79.8531630993381,6.913572246723408,93.11433272245392,96.69897928131716
4.480618116704837,55.34903194134792,78.57291460352246,92.90143671061048,8.062369105220858,45.20239405573841,81.05572524048807
9.43056989863061,88.05139512510141,81.64903441058986,88.84754113546971,5.634705121683377,72.30178612606136,100.0
2.2376884973139393,77.06332893380551,70.75928518870317,81.10805859246904,5.528719787236455,94.79378117675623,89.79056237932689
4.069597159452327,98.14960019294973,58.31864060180388,46.62591180466616,6.013518604972801,63.278365263873184,82.05913090625513
2.021261691165302,67.0936083019343,52.75866258226577,57.35124677775699,7.3625363133682455,89.77394988570211,71.75035634529696
9.322242564507064,81.6310946566974,41.991361273745575,58.58841251934814,7.410958446275494,48.02173926396617,78.17239066728703
8.896054180428829,96.60140527550087,58.23678407444343,54.997416783857275,5.5761971732472535,96.12366938006792,97.49793896826455
3.3214746494364005,55.12548639953396,79.18976743187699,70.90033958258338,4.666049620683143,85.08539905187816,84.72782345862646
6.939856414307611,96.86142436182256,96.29828910690895,72.13322889278035,7.161981282327543,96.4800635672141,100.0
8.354999801810942,84.39428611504067,92.27226893578313,61.41315851026661,4.641629310943823,80.59703401315039,100.0
5.996807304395161,53.39185295525859,85.96388659211816,61.22734952418616,6.89246254114665,61.80423591996562,90.62839829086613
5.766855205204059,65.04817834734081,87.30684059519791,89.71333587436487,7.467110640281545,96.29087035148335,100.0
3.1766706181040654,85.40860443226407,79.89909420855972,87.35757089918113,7.503057481972258,56.53400657855071,90.43354428464411
1.837924910253093,53.36753007343859,55.61721145396018,58.46774990084474,7.7673605532979835,59.93035132370395,66.64927672346542
9.074941821579941,79.10852300881366,94.43170184234978,94.82730663239556,8.364297107828323,82.04850508010442,100.0
9.103762514469974,67.29415284764784,80.24393871435004,97.16890102015037,6.499794959823943,85.91897797152318,100.0
6.697913115459412,81.04577588837385,73.62643785882639,59.60455252180245,7.6512459476478565,95.76420903094923,93.17708219729153
4.051268119438307,52.28710169062564,46.65936815280887,61.26549692758329,7.095863676829183,52.28814454337257,63.50956523710972
4.142886171513948,93.57684030761882,66.82333262838553,70.33804920531753,4.933199698988413,87.87988211315343,89.28996365794673
7.533601109832154,98.67444845886985,67.62149627211558,96.46724875202041,4.128448224347041,84.31276320381781,97.25101570720781
9.073992339573193,98.44389276428458,91.87381657136021,92.57916598853869,5.4227069283846685,43.82767337521587,100.0
8.983777818386056,87.48259158714623,72.79889321126731,46.154077755015386,6.2151685316880965,63.23338847261242,97.8838521868617
8.018879912718614,56.5043120065316,62.824032938224576,63.56384459628497,7.085529722143281,56.96592742360592,74.32275571765942
6.77828481538859,87.91315979645113,98.60801971063955,73.20227138498632,8.249796652516027,58.26942546124182,100.0
1.7572596849554394,51.229345822940076,46.643235599578944,70.1879483530924,4.981228583530828,98.97681277328205,70.88420945622434
2.454658426851524,51.106177576449866,65.35290569871668,51.63178407621356,4.627748949492386,78.56664480879567,65.76120168862617
9.086987696743714,66.18051095747705,42.52148051028432,91.52900627008928,8.817399737371638,83.06056946760998,94.13748493537196
6.457861536936309,74.43215952023328,84.39424724601582,80.61644697981023,4.540222796882036,98.59705823890056,98.8482975354327
1.0827734645496667,88.52037089038966,95.08459313194903,90.27450249110822,6.392455350535946,62.632106947458325,95.60027627467761
1.913243885794289,84.16476883032526,56.80223977302937,91.52585676096834,6.927818643966509,88.11041010716835,86.69980619714919
6.971515921972502,72.29513531883742,91.50050060794726,84.90135121994439,6.706872104537191,66.07185779826972,94.1840125520492
1.0455542546159682,63.68133331408329,57.53309382771387,66.35263607498304,4.430160785164716,92.1720203088988,71.6603103480805
2.4472724627574878,99.85622500788556,94.64620969863492,76.63280530092547,4.285134570018097,50.83945247867819,89.76648597681564
5.938604104299275,71.30906511179865,85.23771421580705,49.62192436718459,4.527417137305179,96.86117062385678,90.9138009731623
7.227056779234239,72.56935121648377,88.29440661048632,80.41872504849445,6.927938419363063,53.126302504652784,93.79537558288473
6.867651335523405,58.181191059583455,41.08039333602727,50.75519534435685,6.721724438171606,59.57323041885589,77.5495152300343
3.018423785145038,89.74047743749647,97.76862142444156,81.63697543060941,5.168703960183722,85.37153404640682,100.0
7.409612992127823,84.68411128907442,83.6002595242194,53.775889645238124,7.188870709227958,63.6253084939244,92.04613725069173
3.135241787471201,61.03848063943802,58.285065723168,47.0530780090132,8.100337510278248,76.4926826059868,65.52384320492864
3.9285972834334095,54.11905228079213,89.76367989153081,49.91706940857745,4.207894799232969,66.67441006416571,76.57674494763266
7.718422646062217,84.02496510373565,56.891271904895795,40.11952811314421,6.490649717740212,84.5421962253869,87.85000847279724
6.846696091424932,82.72556071405677,92.36523037396768,83.12437707121182,7.446552060513452,53.69987514211665,100.0
8.6430106944476,63.662976349910466,46.75482342471622,83.94406294350274,5.261559635348435,43.50747923421262,86.42417250343146
6.91851603070309,97.54317811252051,82.22115864764774,70.89600099479557,5.538854526465745,57.99576384838397,100.0
6.114777430019244,57.55289458904501,72.44190859869462,49.68176806332302,7.068189514946919,68.45851989210581,84.76779454330212
1.8430729104528323,71.6167400521301,45.792068211726445,45.01326025064139,8.489676467218684,50.08120313156071,63.153086459347946
4.309442227534902,97.18079600837994,54.51362969553034,41.14773798623722,8.049622101514498,61.28783737938332,72.45380092889046
3.386821309135529,70.98636584630611,40.744242176638885,49.944890617913245,6.915651095497918,63.99898109761411,64.81268153627445
3.195906790411752,81.92629738320429,68.12607792787034,93.45133209898881,7.651108588786246,43.44351062129641,87.88350744024095
9.75709499277201,69.87971989813971,58.07591564560002,54.4922105021009,5.824112351038993,74.99843489105227,88.79064343323559
4.537879522000844,63.7107601174335,75.90144905786553,61.25627963303294,7.2048276404937885,93.06060567827726,87.82446636985162
9.02841899659402,99.19888239799141,57.83426846251703,46.32072906887999,6.330907955637785,49.104574777183146,88.03232718674303
6.680247633975366,70.46670031575215,57.99514669041908,53.34167828489022,4.949680682287805,75.86848080409084,76.50470043477767
8.153301731874835,94.70496018395673,84.5915919238962,71.15347424681231,7.508691369386286,79.88435229465077,100.0
5.523733837946729,61.49773029455431,42.88857015870121,76.46516098573915,6.78232318674411,65.16008082515731,75.92385936649816
6.192134961637232,60.655235201254165,94.17369971151923,54.72113884997266,5.793107909767957,82.0658552418562,88.87078260967992
5.432659244369775,51.55670414422557,91.13583246347089,43.46392955350703,8.556695950393154,64.64389260946072,82.660247092204
2.7571868901824006,82.58334126879424,80.06828099358438,63.46197214764392,4.104670589133667,70.27823727864609,78.32271441509779
7.502069037353548,68.42631718618806,75.59329420644306,54.05220225558005,5.57886575624748,40.441182673265615,88.13609498954618
3.526951261967702,93.21791249198185,93.53814988837914,53.17323539378812,4.284406988888232,81.50320684808133,89.97003940557568
1.2188436978830846,73.66049533457786,51.11981077172287,97.59176816280731,7.832636581108136,79.68056073668347,82.90173603691042
6.80925066316451,98.40967139573608,44.73814973144972,76.97802915554345,7.510537270568963,42.304052639580675,91.14853185851732
2.5939961146634403,59.27627578515606,54.370610194572286,73.41270659032575,5.656761093681585,62.09500644370799,68.53179010172757
9.464127259176228,93.43115839778054,87.67469672201142,64.94650621139931,7.378314511035365,98.74191044750005,100.0
9.585357193023286,88.82984263958708,42.080216003589,65.73666000580866,5.979686130979749,65.244193754117,80.27304770184085
9.233779511984036,88.5460922322026,74.96841010500938,72.45430023028484,7.781268957112172,70.1167243079105,96.80515094059014
4.331428302298999,92.23916140584438,99.7262509714786,81.78578842216643,6.270918313683531,94.5958094895831,98.86047340644905
1.1391095487598069,88.05119954714993,91.34176563025237,82.12876577090977,6.061398639158328,83.03571255194538,96.07429918742177
9.354867063289529,81.31101608157077,71.28674134261537,50.30163446232697,8.673649577441505,74.92420786745342,97.36645723197631
4.8536573348558285,56.56224388411938,43.81845455719854,70.00676512459762,5.254395499453501,87.86828088046435,74.55469305610883
9.699893371393026,51.6263089745626,89.88241086314258,64.71748570204612,4.602236699982827,91.86197598735839,90.13805333698184
9.672579793803276,96.04239239078434,75.93871049063263,92.23161797616305,6.922715566297291,67.41328430423602,100.0
8.677085099206241,80.8325157260369,46.89597982357401,77.88513527310258,8.846609061420894,68.50650189591012,94.79304331170464
3.6500400286262713,89.82686454880881,45.63143708940137,71.95024398495892,5.8891960686359335,63.16305613911015,77.27577971235576
4.465879557417328,74.0761175756275,94.57760916619554,46.923678530735046,4.310183818143908,98.00236840110763,89.73030840170453
8.660230043651712,55.86540944811972,80.15201577628471,76.3382733594047,5.696526336547837,81.82997525742103,98.0288744569917
3.852298046406499,56.259289610127524,89.75720795900534,47.03223434081401,6.529658271597793,44.99338397248434,83.03296261005694
2.5254347201748324,84.27826436144858,92.73873401693604,60.232394533945126,4.8096150331610685,91.7775773987811,88.61834748571368
6.0112113621251515,71.51529474497313,74.30634112289934,48.57051788885991,7.29051109028246,68.83359645017609,85.06310261272756
9.425392967447028,60.02623633501683,71.04678110530247,81.52441882146213,8.988746945051002,44.125234385349245,94.32146904228847
7.264268170074757,74.57972733707184,65.8256446192594,52.37512683016916,6.258697379907219,72.98303530979867,95.84245498372103
6.1305505308042845,53.21044685375671,59.01679526746716,63.51156239128156,5.773642783651063,65.02985673854212,67.96314654234577
1.8745884439369167,79.09857009571994,66.07575765152271,93.74048665712672,6.003520834172333,92.66496429175749,87.77117951348728
6.535065040292528,63.449670221754886,86.43277934380939,52.25898300393822,4.575730891976006,52.23967621656324,83.94067667832002
9.91048465093837,89.87795503185941,76.11540586090788,70.46830383752675,8.416368007131119,89.58787656953098,100.0
2.260756137128716,65.51809794617868,93.55139739729077,65.15629966996133,6.07412827760676,73.46132147112716,81.05467447918608
5.664966871273631,72.76100745409006,66.60280086275127,41.08744246274378,5.936372057124206,43.276618192808144,74.92586808740506
8.8963576473516,50.58102699540503,76.42537472312524,87.56548681436877,7.298451364652371,98.31071807952908,100.0
7.66691755978784,53.62234438972794,77.87845318551932,44.142754378875985,6.210167104655618,70.756914646192,96.6922011724372
7.273141668957412,69.62467782033424,75.50182973837954,68.45530125861721,7.24116734403923,57.45261125389495,93.34869460855728
7.322356755883983,73.99694173585618,82.15802638513098,73.640697696337,4.307231450653937,68.16441051935549,90.56676044404168
4.2354203609777965,80.00102740596519,54.246008102488375,77.70558739687522,8.068616718611137,91.47146701104934,83.59660276763726
3.64232659838044,64.58312893546517,70.74182665274743,81.31789775847253,8.702519764397014,58.29418746310381,80.16730510742127
8.284250399306622,84.74909430632712,46.25348816850086,55.196343011362906,7.24382693079693,51.56058378920202,75.47246545859402
8.291020552112627,93.00611985946023,63.07067965868875,40.59872659950696,8.772829644294053,47.74427481585289,87.03310871659652
8.803650867220934,88.99254944466749,69.26002411727586,83.40661974129472,4.757161571849816,57.87156390341268,100.0
9.219164973008242,51.980941267417855,79.13345557272835,72.13939596085471,6.387080947401769,86.80288522240261,91.20090545697556
5.60208158974844,74.02534736289145,97.0318631551722,90.16706219243493,7.009033669727236,68.2975819117157,100.0
5.513646652184796,55.246508920908745,76.03906399290136,89.28330177404166,6.908683237105933,53.6488962216124,87.59145692027694
8.184656610700976,62.10225079312637,84.61563497059359,90.59957006727299,6.007308895445217,49.97109997658495,93.08716930315617
6.849675376999887,99.33312966335733,70.37596356971217,69.10567959877241,5.690422046831307,59.96376859062275,93.39097840419986
7.31770189531933,57.12477714507566,78.04624188257988,60.017703750211936,4.634120112752094,96.39546237314252,96.45507711024976
8.16213402492491,74.9444076725678,44.25593296802641,87.4934921554822,5.958712252811391,60.58160275540146,88.9181134199427
9.010048076358096,80.90778671590596,55.26349485051082,67.07764678175529,4.813304075527426,99.28744455727812,94.28871398750783
4.041956411663822,85.12324852720519,61.711185592308325,51.006531784206075,7.671828382461092,69.11382734592138,78.73972801512312
4.380246573759496,77.98243417434571,68.34960130039082,91.29844117368846,5.0441546774729495,50.749835097409054,84.582508956256
1.845837458567821,50.48854237095918,42.738924730143026,92.95359260634083,4.292826526422669,93.46840550761056,66.19353923148809
6.204521268965566,66.3230654121996,48.401445853199064,67.97858536841021,6.761830689086171,67.62132238808961,69.76195753437185
1.3234804641706788,75.88558216923558,56.60885846747834,44.54198363858725,6.976148663597008,82.58028061027147,77.13826655862772
5.190382163192141,54.39332495724167,98.29196145406304,63.269565395015874,8.359565306402526,99.0226949925491,95.792742726018
5.883801712368189,67.53134656045904,59.88082042618305,88.2122595677562,6.884908062088409,43.01052101919844,83.74517364679119
3.5788712691545594,51.66015543956833,68.92246348672495,94.10644171277372,5.727404268617229,45.80167358725403,76.02691104916121
6.317499345121097,53.928924857751035,51.76586276430358,52.20836454985575,8.015059407631602,83.22740448776537,73.79139545108964
1.2745022494514449,69.8461638100798,76.64680426454609,44.01841672151629,6.701394465937105,56.90950019772832,69.4317040916568
1.3361336987429298,56.63578770215302,56.84099293095846,92.64102718797032,4.396401423155959,51.058083817005944,60.70008879812352
8.403405045936925,78.3770424130779,52.419554706305604,63.364296338732515,6.829252801566233,42.36171278918377,92.54848178490901
4.241715772701366,84.47324845686329,70.99435770675875,72.5056578560538,8.540092727108313,41.31080271917211,79.16240491041845
2.143544613866963,90.02933495545415,40.33034794962525,98.08394872304554,5.9815631274911025,86.46913618718744,75.22636259519116
5.700189340493239,60.007512212240506,40.45984195895352,43.99388367485337,5.481629009499001,48.066005642172996,62.046240061277175
7.9299419778874976,58.37412911295349,53.14412854611147,78.89908044712573,4.7173472850901,68.06323695826904,87.93431457474321
2.9423892474715885,55.228392016720015,42.20328175004927,44.446325354492025,4.757227609676787,76.35380891076898,60.14037422768201
6.606014282371002,81.82151247718184,46.48154524784148,62.52813570799002,6.1638574217090945,65.70110803413078,75.58629076193053
1.768127184943912,85.32378632434506,60.331638960325094,88.22887271160681,6.978399120807648,41.62639914017399,81.35714533258276
1.4651354905174694,51.5793072412821,88.15514077478878,66.00833396533807,4.403077025848009,87.01009015527453,80.1116092519694
5.782191684113332,96.81061231218449,74.32291860215804,99.83094123417703,8.697842945125828,40.63079347249921,99.84397525176153
5.865716094490959,52.59856418257362,70.76006355738498,73.54355709679612,7.77566808722598,85.71339366264904,89.22914543017627
6.736869113483859,77.06481676505352,57.6093293924873,59.269729158157205,6.933119591418313,93.59826962728737,97.28927181353255
7.534822003503954,85.45302597254582,95.90522316596898,53.20667955428519,8.142193354694953,65.97039526343033,100.0
9.782668715162812,93.54845618730428,63.8209024742315,61.03123205716971,4.400933784060566,72.13254838586789,93.9811160252635
5.646703134710758,85.70434660662139,45.22556600774629,62.35199642557305,6.384194388665621,68.61900355705923,85.73793789199404
3.9066082564712135,90.08640415348958,77.02399096706807,44.12282066343766,7.150465634308317,63.35251711740633,84.827005484805
8.156675752918332,66.97250962714031,46.83030360859608,62.174451965606394,8.143264530591447,93.24547212222161,88.45812915256822
3.437490261358668,90.7412556873256,60.71338856810152,67.85431118435349,7.917347800246338,93.63601064019943,79.70978432058797
4.950742786350725,54.00574231923376,70.44471632306853,83.36426513432828,5.385346248566998,60.14898187849207,79.85587750469952
1.7061074320803935,94.74083280302638,92.45335148111054,79.40376908329648,8.704400847796022,76.90418524088187,91.43775771902841
1.2281566907391177,77.37961880768681,69.61279482040712,82.52593931374926,4.621729207154352,95.61445372875184,84.63674916327133
9.663835732101326,90.86488849812469,82.13552596189986,40.50182091261143,8.37566809310576,97.7235099364811,100.0
8.523821084609853,72.615914225915,99.56901033994421,53.06004397483216,8.854701248023094,70.53754242532285,94.29114064010193
7.263767854843282,82.17888475982625,47.8893471938789,79.70105730399139,4.885767616113128,67.1694883170596,85.30152169015302
4.680576499728429,76.32013304680567,56.48389153117117,69.03936209078483,7.610330321018926,56.72165895571155,83.44266808443825
2.559648880637612,86.5794760877666,63.674564535858785,40.318808540100754,4.201427593889992,97.5323123914246,75.63812360367831
2.4079333840397745,54.08149910152948,65.30969071232988,88.26967854590934,6.027114125695775,48.56885826837204,75.07581031480103
3.252186083481358,53.01760419952819,64.66126451593274,86.36857439742025,6.58141649598837,74.7897745628635,79.17828497037452
5.943039982355084,62.355161700507324,94.4566601533933,72.90514977961377,6.9032261295481705,56.95301605111833,93.51942562974176
7.431363304300561,57.97723400565942,82.84195866801139,43.987799546576326,8.679686241242798,56.7404974208678,85.23452589913674
6.941776390459581,93.58917832961009,76.47431284544223,85.99090297195508,7.361253436470974,64.2981152425713,95.38332246786692
3.5194050725134858,60.960699367902215,58.562363071766924,75.02281526388184,6.4063897560961856,99.92757614893927,75.16820528867179
9.593787525968747,98.79326279095656,89.42742305327768,86.91759862947755,8.048375181329448,43.29797841038933,100.0
7.641072250261916,66.84478958855534,97.30363068909934,85.10481954375042,8.752664104772045,74.71250909221189,100.0
5.989186472602606,59.10589578443496,89.2718969530136,88.18012431747023,4.110330743411454,44.954329482116634,88.10799396328181
6.5054867161091705,89.48492535712396,40.093906311488375,71.08048398427749,8.912606361280194,49.27124979943114,79.70912452507976
4.776400561850109,82.9353887750438,78.18408221100442,48.4194710916109,4.430660695318402,66.37377650637393,82.00301124084775
3.229578905510417,74.90978582265694,43.06812288652604,80.26944840278132,8.071933896343808,70.62760788078648,79.16846188742625
4.2037541078613545,77.76817754688156,55.456433220023314,77.22842710311824,5.401673762757063,55.52754450187144,76.11636106201985
7.820614994179322,85.96008891361319,43.5714820208663,84.53519123194523,4.660898288769359,58.987427852464975,80.4111906232228
1.1295413976678028,61.422737066564935,76.22772717696327,50.19286036304412,6.199278198569175,45.21802121535598,69.61454718867613
2.0446537645622462,99.8166958028371,81.1953948095564,51.69851199401735,7.219782897238067,58.19318703065503,82.50919666119296
1.4140237781957747,98.73965810733915,46.86925828395431,93.42457103315971,5.904759225117375,97.99350636283265,82.85754537499008
1.3665592208707311,82.51628431734684,63.030332982698766,84.99866790712426,4.272827041413494,96.6824429003489,87.45676055066413
8.699145256099065,59.97712254645725,67.37419053733252,94.49370932201938,6.997305698293583,60.092697408219095,93.75135926979793
7.332920734420213,84.01141212156458,62.14318130565499,85.52291926983524,8.512016380553373,74.2512361767257,97.29388540081442
5.267564461785927,53.60992044895879,47.26150002911158,75.82931835941811,5.916076829736259,94.57572346665665,72.4823059673714
1.8805074458590134,51.532625110290304,65.13686741124852,79.24796422167242,5.081663888154135,40.371029358453804,65.47422903537911
5.4245428760514915,62.884144425560685,85.07068286850509,93.3476754364006,6.212886729664077,88.64101422025551,98.43123308537979
5.261245937025091,73.13114783696582,44.26045987199533,74.72840527071642,4.241813555243905,96.90217316733515,73.58002569507624
2.5588168291901368,93.41362527041903,44.810800844914205,77.94347945970324,8.102437922401375,45.479544060013424,75.13018689762667
4.904664843141758,86.3584534883154,61.28627751015905,49.38860296021603,8.131704054750934,49.68686116197526,79.54074990920839
4.586542609576361,87.13532605999904,96.5035426971355,68.43527320696616,6.940002317148142,97.64477816628133,100.0
6.542650882469948,71.27466672240377,80.11435880337484,82.98382671748594,5.765514444691947,72.25240861842079,98.41099325460384
6.715842857808794,67.29674962734815,80.7201974003539,56.25656189898193,7.998916822228917,40.851798068303424,86.981833248702
1.4077360879484007,68.55193814923014,61.715199450271896,52.13525083147209,6.773435123941836,55.45791992581175,72.33441841251913
4.371513531638241,99.3824781868029,75.6196474725123,58.82960849346493,8.129661542750082,66.99662045613158,86.58606593011228
6.632739241428127,52.005459570624126,40.6078710416646,54.49003767957001,7.157293962915103,81.57453466148607,73.19968903515134
5.528226327220789,93.35157480612243,78.16576278457254,52.894758222183754,7.922027366063986,83.98962268820797,94.3693605802619
8.7084085706949,78.93377042861967,94.7972168545742,65.49105057208521,6.992814966088799,99.72529077552737,100.0
6.928242684570505,71.93077095947953,76.75440810068915,94.47031083301204,6.070705341078331,57.25067196302554,98.33074952882163
2.466409843732867,86.26288302075682,92.42191560798071,70.4235788043231,8.789729299630688,72.29320611210852,100.0
1.6351187266038685,74.33344707123514,83.43838332796562,51.275222848919384,6.7055691243942235,71.9994128715763,78.2259802512068
6.78177350385684,93.67116190408302,47.23350498422141,44.61830016285244,7.025447592702692,64.33871556683425,83.1188607749932
1.2386017948745964,95.03509320056293,94.14719843715051,81.76936870827552,5.102438197073746,50.14971363054521,88.1031524874871
6.2719802314611695,71.08604634367276,43.986630661346496,62.967925866183265,7.128253947136383,98.64739379103055,79.08574161601403
9.462072172824618,63.841389861752575,72.03804835286583,89.30985679512156,6.8580382474147195,91.19903119999516,94.57406034675003
6.179267600882911,79.61751642966811,48.52822742760746,79.5706461184462,4.9241919897351245,69.89998169765423,79.85281384703094
4.493529335858697,95.61816728083454,40.70239664385424,87.77448703248211,4.297935486765718,76.19472536104179,76.23882506146269
6.789593965981179,60.53310945028333,65.32205560765834,56.316762365106925,7.0217965985738555,53.63566321357974,86.7125292863581
5.12427601442365,81.14832917817414,57.702442459249376,81.54153534766348,7.818461346751603,72.62722422350481,86.29034819610669
5.910551103843415,81.57801100462603,69.16002962785618,55.84371908162313,6.617006854610041,81.69820798728855,86.71029406243196
9.473183278988726,86.65565112076405,74.63199320407304,96.3441087670175,5.133863126598229,70.91002170319533,100.0
4.474923740206968,56.57838425636299,42.624344338536844,78.18245689200246,7.3326098834651745,99.41711023509647,72.17856734210962
9.650715074415228,85.79124823410443,47.38019770742474,59.470708010520525,4.400528633048011,76.68049937486357,86.00685220491668
9.148155777604574,95.45162603328205,73.51854378702552,56.17071173753636,6.2091685240097725,62.25842275553014,98.27731593482997
2.762120213103668,58.984155443512094,60.59004119035949,51.45559510429861,4.816833791992101,86.32912165695029,74.06688407895288
1.624251707876489,61.87716624619388,83.75040925296688,81.67845753362366,4.922295255299417,50.227750694898525,78.65699456565228
1.9070020123968399,98.56975470208198,79.13749891551637,53.12293677987564,5.011469745791018,63.070948822375996,82.19577437297119
1.1639964308639477,59.04884763547449,90.73626177939441,75.71819595564935,5.9335352852198895,60.81753702265515,78.75546352246465
1.8499866468033557,92.71925466847895,81.54956960015352,55.878101615521445,4.255751028101988,65.90842570646663,82.41455806784487
7.147060960747211,74.61389282240174,65.79586464340889,79.71813668763212,5.9889672046454905,86.90678955572358,94.12710938777994
1.6406978361420608,62.36155372015885,80.37799734366595,88.89638371243235,6.558537235573504,69.05038192980444,77.08820681198615
3.8707806726438516,93.53749506362557,56.52287045532511,86.68151458867919,6.4164714248316255,87.64086701595777,88.6442571034072
8.60387779872509,72.26526275013327,58.37880992669276,85.6510798558469,5.913920502015203,74.58933418839194,88.76359152405783
1.209447421622433,75.74086769648451,87.3391095952476,51.263344341535124,8.195733040353762,60.52416607945332,78.7397342206252
8.330216343300421,67.96166846998828,66.78517098409493,45.30309681907112,4.72663346210252,88.59872462100834,85.39991088087586
3.5366929729605996,79.64754257174637,87.90282043110115,81.93692970924315,6.52848371890687,54.29738023318549,99.4319116693069
2.0634834485949063,58.17619362925114,89.3453424200967,62.10083282766108,4.310207084782771,53.46297878798773,74.70182839238365
7.270634488277356,69.55407683258804,91.45374025967703,65.94077358420084,4.3557783943895485,70.27017544329014,89.17026000352635
6.660485621018956,98.47061611676438,94.99811415047245,41.86894556760346,6.8693292483854815,55.65095475772534,96.19838291758401
8.897248121743477,62.90667163505638,65.85911323079777,55.574586956502955,6.830092124439105,40.54522209707298,85.75868723186638
7.615639394234972,82.8368332270646,59.13200909926833,42.02058423246784,8.390167564222285,78.89785163792808,94.08889440526819
8.231328373463636,66.25950321123474,74.93192479564684,92.75114635607486,6.789368378300366,70.66562928834388,95.59312918229615
3.538311153141758,88.67365628433004,62.270345406257654,54.60380099311183,8.798955102024252,66.73106886958968,74.44868556071273
2.5969558940175053,56.54368303591749,76.06445000801398,73.44023017438047,4.243474241999649,98.01811087709892,83.3037581025926
7.755532764767725,98.49105225392724,82.33515175862948,42.33875923966782,4.490038423903705,74.27195103777481,90.50707851004559
8.261512653405376,72.68947706918196,81.30430110952821,80.01084347833948,4.220329307851907,91.80589466736308,98.68735086516776
9.91454627800606,61.8025231673232,62.47317322120728,59.38164074524563,4.9263842516677006,48.36701417230961,84.14461284845426
4.713559092202838,53.67483736650063,50.01161210192517,93.87515121745994,6.70635055470839,74.15238778776566,77.69110635002917
4.348162772135049,58.48789525437704,65.83176030773245,93.28709133604215,7.22786090713714,92.07877760385418,89.54167831343187
7.987716646677971,75.98869742780089,48.55564864491453,59.51743710170487,4.2279257897433435,74.98634543679388,79.76018573787442
4.06723186227716,66.85015882156432,93.4058221110285,94.05765374142808,8.729854449227997,83.08085068762009,96.73528200208794
9.376815930432082,91.44416829413046,60.75264764427145,99.76946040992672,8.210826883251904,62.32261406873244,100.0
8.725714766587107,71.5443761830903,49.267584833399425,89.52493984743688,5.4830624107854655,45.546971022224,86.66591103545463
4.860946246375165,62.435713629381496,41.526865594345054,90.69228086531373,4.385937651132339,67.47401770762428,74.45531463024801
7.757839610123476,80.8572493302015,78.74934317718905,54.940524166545394,4.849435366095286,63.668763450331454,93.33317221450056
7.7908858667621415,85.33886084427229,78.21413904728459,74.60214393146538,4.634722068774863,92.02361094273684,100.0
1.9281148195233935,58.35209539504749,60.4362499948775,44.03535483804207,4.616418896494734,54.639718141148336,62.82769866435779
9.1229761601161,58.380960814415886,44.30271333085906,45.69507620930018,6.5928084433286696,98.00405365210648,83.83684240807071
5.547271352030714,51.83357134667715,64.57773369371392,99.93355672199743,5.229237212467002,97.48828718826977,81.89322953517359
8.438117194969674,86.82010075328202,58.67304970380361,59.598354965554655,5.790698582645723,54.85789858428632,88.31771101560913
3.880446409275506,83.19022638109026,80.62723838410056,84.89103472293078,8.947526666921611,60.88311732863923,93.9049321223223
9.059709056465804,73.7315437874907,76.34675496716142,88.39990318160899,7.421571244626724,93.7333444524331,100.0
4.502815108607468,92.20852244845986,61.8756236918524,91.48139626043375,8.744903335235007,97.99733325376644,93.1880354871865
1.0975388633226852,90.28350764750266,53.0735532552994,99.85769784412939,4.712782775165578,66.60634617016264,74.98702832446533
9.148437787773373,79.2677182198376,99.28215796933551,54.48978911541207,5.910697374162846,59.25982273845387,99.65586574570663
1.821580091075202,93.41356402566294,67.2400972717669,42.421049611581985,6.773659016411772,71.56564079509252,78.22501413349723
3.873822738313734,60.292060501838414,81.29645414681423,64.67149107967515,4.38379030944369,81.2661523819441,85.97810846310735
9.550557703457244,55.5959809698864,48.43317805470164,47.804840189736815,4.020937218139789,56.408470922498786,74.33614984192788
9.555464322438006,63.48748057584948,69.13538197956387,41.34555334972331,7.352171668984587,84.18839047714437,94.36887047411692
6.160940993109575,52.854342804465745,41.65220319216793,61.625609628489165,7.209097584007177,43.099441426878464,68.24544474474287
6.686534909528193,76.5584764000516,70.327307074627,87.02429506451418,6.053944049998059,42.95766956586499,88.6650354290841
5.036009697804878,96.83028461474808,97.84104442706214,73.97084147350425,6.448220380160163,63.177262308732715,99.62575797353797
3.638896945282581,51.967177033425486,63.05240277914801,58.76667935262124,6.077215002960449,61.208391523643236,72.94018965411234
3.957980908329244,56.105495700501336,42.3397607544947,79.26052032956318,4.120025224224444,58.93799292202914,68.03137691076644
7.052666104693346,72.60995141417176,41.857347455160614,53.92109081852864,5.676858031087312,69.4611857601346,85.28240888776884
7.77137076493912,96.69375087639524,63.27920559681217,40.862886764325104,4.885411276986449,59.24401493869428,83.30819663359988
8.124211393532637,65.80780524883752,49.60149618779164,85.86120318618563,4.492120945506843,51.535475108085514,84.69166892974339
8.106563285150985,75.36174043441963,41.40112577969116,77.42458509184056,8.783602169446748,58.56817294531605,82.77745800085114
1.8208549274382133,52.0786429525196,85.37281683701062,85.7381574700576,6.996798625210828,98.49425636861409,81.49434485119687
5.449782742323233,57.41716004810444,67.51138053291345,42.336281001259934,7.643281421183014,64.66680501969091,75.84616359636604
1.5180288401497986,99.33150614794235,57.35468631835927,90.22717766983914,5.576818716330587,66.68276661150014,81.76080426517127
5.94575994091362,98.25593482180227,94.00499098098885,77.17157200217821,5.965735647470076,74.5926993970684,100.0
4.973774512360393,50.24699904672048,46.96833761203153,73.80372104275841,5.1846199694836175,99.0004461048536,74.45702804392594
8.989337644824698,97.59058927116195,97.35512973731915,77.47684288687189,4.4848283548271235,54.49607658614578,100.0
4.158235112968708,81.95599689077503,58.83800304264117,91.86599481210185,4.895158187207919,80.87692663194602,86.99079544699609
2.053603147848453,93.39591472600111,93.30422033852088,75.21619039353442,7.987570226482429,82.95908161250344,86.71806002118657
2.2869251384755227,72.73699278169295,76.1765725887677,74.85702279329075,7.38772902591888,76.43946500758395,82.54304184779451
7.85359568545725,75.77980142896251,89.60244158448924,99.44074942394595,6.734644379927385,45.314700378198644,100.0
6.56396256984635,74.44232901284602,99.04078979262786,85.40381002411408,6.37544936433384,80.61233654965459,100.0
1.9101040851051123,83.34321287730522,57.30432626912474,66.53762832706812,8.612171418280623,43.84568266217053,76.33618182335783
1.756961255034977,56.98256273781564,97.66812912445558,82.44382000197567,4.363674738893342,75.76855897299382,82.15259817742881
7.30872218313208,51.4986794936339,63.36891369414522,63.353828301507306,5.403004066189579,84.37487063330457,82.37253857391858
1.6548670572777417,65.39649707955954,63.130714284215344,53.73252774900994,5.7496892678535705,52.65819343719703,62.76254456978131
8.396740533613206,85.23403813683234,60.42322625527034,75.81111261326556,7.912129061063939,90.49732045256644,94.00276367774416
7.3561800444084655,60.09267260614742,72.48445644085511,95.69092588683708,8.962573100809855,41.82122833198026,92.60418504219219
1.7321390257770979,83.67162166624587,49.24870259070923,95.74837120092776,5.203352573785765,90.62877181949837,74.29762876550497
1.7635394267667273,98.49560230536352,73.22268912148067,60.51431668632942,8.371536670685403,67.6197430385659,81.94523686308756
9.87975620651058,54.69503578947092,72.50228874460024,71.6606479733017,8.153113802158956,53.05527639589867,88.58116678042961
4.368437161805083,83.63010591125632,85.7141087562922,52.69815391419167,5.123286988208833,48.02668869963808,85.86955387054121
4.335779323602019,72.18751096522855,90.01899771625514,99.737866569933,5.996662900996113,97.19843005494235,100.0
8.315196105317522,93.40711271887527,66.42648101874545,98.86707447207614,6.048364346462596,44.3599352548694,93.44878152817591
9.525237196454729,58.857489472369295,58.13999496108963,78.97053578244683,8.891103342632793,51.94560519615554,82.16322027403916
9.874009574405838,84.63129761130823,55.56009383902567,88.2648435806484,4.904459506894492,60.86934084598276,95.49627108964305
7.780403667330475,91.90576448240552,51.677430202292314,82.906009677022,7.99578985552391,77.21409093766724,95.13728950403451
4.386336269778242,97.23071097370116,43.458854931941495,75.5894931423681,5.670963570865549,72.6880651165659,81.91663412373056
1.7515064502880189,84.16240141448229,60.546878730082796,43.20087981933386,7.654351728880802,47.53860954473884,66.71994075261445
7.994322243346931,74.85873820042136,56.21486152784699,67.28586055315967,6.1000550214783145,57.383679024292874,84.51790247937589
6.025638247622245,80.8923620100607,97.98504315198444,80.48717813004464,6.8917988155827,54.325106265161445,100.0
4.817998083222786,93.44524922393592,73.46252957500263,80.65189683302108,8.163058866630656,52.81257126942048,95.86262858619304
9.157189465852625,78.53048733194149,60.83662234183045,62.387357105343014,8.02082782491942,64.66866018879922,84.59265094530848
2.000777340755362,51.519352984841845,74.82805605962176,96.50151919948183,8.332115917698502,82.24188715549941,80.89812311022071
5.433625938617732,96.54743477534889,48.351802080741734,50.04142193420686,4.298086626723295,53.047175933034154,76.90311952258052
1.1021828029067717,84.47633755157806,66.64262495213217,70.02156677293364,7.4602527651987245,62.000732782178886,72.8001811940373
5.217945777947136,83.82566928886233,77.57405928526383,81.45303859304937,4.699936883608815,63.45504561046974,97.64569511106237
1.5067294811365362,60.78375761988586,69.33386990754708,81.82814835350855,6.079092840092055,98.58739176612461,76.70499076223338
2.0693612464126474,82.94427351163286,64.10672803925945,78.91833740612893,6.742942075273442,97.27998141274414,83.95167391300768
2.057736220993944,69.69322028270793,99.63090333398189,56.51729280711161,6.013697423734154,88.00825496512456,88.978204922603
6.842892719044572,82.5616488520746,92.81888572893561,49.37239412119732,6.598058379015038,54.49953524915111,91.19697067537412
7.71440391338881,55.32965151539953,77.40435748956641,78.15641960960265,8.982631543993095,44.08223884550018,82.25338057639252
6.250318885874437,82.89226523015179,74.16264167093696,75.95812696836626,4.676086568564274,59.014248263237484,88.37580188739614
9.659552936270877,99.97068628853333,77.23962878947503,50.761360617354455,7.377280226682128,56.00767296602985,100.0
4.373835215713337,52.4106019430278,52.078726469345995,82.3083487342338,5.980004831928076,70.35554800878363,72.71621809587761
3.571408776536747,98.85870921106587,63.70826459585912,67.31031950401939,4.665048994536644,86.66367460406758,82.74900893386643
8.817392153705143,70.34539803614354,42.36757197345396,80.06563549618917,4.793683816871548,91.49937633273149,91.73414952466331
3.0123625466750736,93.53767251686295,68.5327622492096,90.24202478620904,8.746365531228085,90.6918451246305,92.22796584995343
9.669002854965502,89.11927420291367,72.5814750374598,50.183705714615385,8.39800748355881,61.58053367338407,95.80742587742996
1.109390272208347,78.3508130493334,53.664984166192575,41.1486920798102,8.535209802075109,81.23406060764097,68.98476310844313
9.728909440368751,86.92246046256633,97.84173082993082,86.7461551837472,8.957663879136932,58.7700518514532,100.0
1.388439207555185,93.92577806506739,94.56727665623453,76.58184550915695,5.0415769500425895,43.65433259411096,95.4757240427492
9.02028802328264,70.20701608255165,83.32859412735435,81.97837417732731,5.777196686820309,82.09391593617653,100.0
5.749309981776698,66.35165807816193,72.00319772592175,90.28929849931856,7.346095149624333,40.58965315418727,90.82485233629947
9.936683165073703,83.37966927817924,92.19814957886109,88.16865608947003,6.419012699303236,64.55095524750931,100.0
1.6641690826185898,90.39229709706294,47.83914062940777,97.65520881572948,6.0919476668916674,59.762756158124546,72.76773709760494
5.984688559611887,88.11425673883079,87.4305876564931,72.1561047311271,5.789056246677966,81.60265231113115,99.14318045222396
9.72372282057189,89.89068244293173,47.489248838010894,69.30973795959432,6.968903159717261,85.97472836562274,96.16517379104096
5.707880597531339,71.77916574064665,87.65263975296432,64.1132319934438,6.87796714320041,58.24567815827703,85.64073771405978
6.664587743217362,90.89171080875107,56.546054095081416,49.22146257065227,4.807289170321201,88.69762086669121,85.46910485428472
7.261738200861554,56.01045276853042,92.62543486109134,74.35643397292134,6.358699187592196,57.63500563029602,94.7766282917474
5.090869582909959,77.22445489804248,96.64252562952387,56.620751459558726,6.767358881049249,66.77958159919368,94.0547198688214
6.648022720756571,50.28793302490608,48.92775816430694,95.27845073277854,6.851434693656953,83.62111162084804,85.41391147377094
6.258828807307902,66.22929149501351,67.76053630392362,74.99144825662586,5.0505359645617585,81.5752137534873,88.35944200494384
9.110422094418901,68.32307674356989,98.8592426897611,75.57041083048661,7.711356961261433,99.24210833873201,100.0
1.409017423073121,69.80863458046277,69.00444615838879,61.2954796526206,4.125995474105348,53.50966145295591,66.65699737939097
3.528668706330073,84.7733603344931,91.8128513508727,43.11936111866245,5.774159277715813,79.73907481237495,82.55776509803978
9.553703356689029,69.42790506351729,75.32389132787918,41.90462592237932,7.901063242678168,76.58091449654664,100.0
9.012374055018247,72.43468113112652,62.51979447517611,65.40010864919185,6.819464605277012,94.9059072694018,95.34681444958632
5.100910775071417,61.87720654371637,57.147013331552216,45.07392268583427,5.305812162554301,49.3817284986925,67.99031455848566
6.581193380213831,68.662589581467,52.193385465165235,76.41081733240836,7.474765596715239,85.10788981521597,82.19930684903558
3.496430646830194,61.363481363157575,85.70789148266184,92.85838033837945,6.836954720780367,74.0961169761261,100.0
2.6930904375138516,53.659796188422185,63.19243040938167,92.97488899112332,7.981218047281936,56.47995218727432,71.42365871942353
5.173285644459839,80.17242966906889,70.67652773204507,79.54272460793393,7.675125930949116,68.46609484883044,88.31627442587893
4.180170052234475,83.41063992775082,69.53952880007091,52.67390988837586,7.050539610181174,60.026595824187865,82.48447057714125
6.252905006657849,80.97451730048073,74.63674175398788,91.77980988153232,6.44088837655407,74.75880416730766,99.12209662128353
1.6996117326848634,73.17470219002863,91.93462873747313,93.16560611879248,4.665910628337617,93.34003664887996,94.91840838195824
9.769553268995498,68.98928900896149,98.84436061500577,51.79921509717752,5.306665089426919,74.15829906473212,100.0
9.875896700316426,93.16668247859127,64.45505251442901,84.24556514624064,6.095497364585427,77.90334509959504,100.0
7.2834554261777065,75.9540892568109,89.65113532637818,57.19117293562738,6.996496435031943,71.12487082688257,92.05509740319611
5.824867297097083,73.95909388148655,85.87166767928306,88.15841874117578,6.568539276076525,43.06993038672856,91.42624962748197
3.78574854657695,51.282103290321785,74.41173708733439,99.83427399421616,5.440922629797647,53.971513412565656,81.9756545742116
8.324155177362538,67.06239138130782,97.36282861671599,41.80156031976357,4.032321788948552,69.52010376592497,100.0
7.162580552984913,69.00978093929285,52.02847093170416,93.84195194745593,6.4811961095040695,58.61411702468229,80.52310436048155
2.463552454104022,69.94113904484502,46.55585261857728,77.35783201591948,5.428129942811216,50.905815865671656,72.19896307115789
9.198344660444583,79.00861846136661,91.23771801732534,98.40295714988926,7.673041503552676,70.2479705151063,100.0
8.402835186308522,76.68012733634393,66.3489889980249,67.90057105158566,4.119731326352418,59.36858760687102,92.53177550251364
9.548199219627316,80.39525463967223,90.81813125242363,90.84327583428242,6.924139056528954,55.48645859040488,100.0
7.531475575495239,88.2441630771064,93.5854123117249,43.743644115896636,8.707371187530327,67.83912504642285,96.16538802678014
6.520736763422109,90.64928693580467,43.74745561714428,60.11674300469774,4.872046335557497,47.997055484930385,80.39980821823737
4.76418732661557,85.90615381132471,93.00788577916364,44.0209922650726,6.358247453752977,95.66474398452443,96.79799891419542
9.39455635018612,97.77618479774674,66.89914332216533,98.52058800874423,4.457109959085691,92.06212587515435,100.0
8.794575005503674,50.91162913381808,70.62594934025392,89.0184344363102,7.128409561306763,82.45723514443212,95.2552083327603
1.4069680309557047,59.788899284177305,77.59555066559261,91.15284527475822,6.752658402981128,46.37282965530737,73.81241976374426
1.2373027704752682,50.37814374890711,95.58295640380521,96.27791388603364,6.036827621064162,86.55263526818158,79.9746197889367
4.388170301902447,82.37373570773015,41.14696566578584,45.10620916718712,6.606885107368706,88.47743968654115,76.8211566095849
8.294979977036496,94.90152744749935,68.61060809906903,63.1358555508,8.482873292345051,86.06587706286027,100.0
9.8854851638345,62.174114828814965,81.26332254583363,44.26209334264013,4.981471511555335,46.83795322715447,84.6995628382214
2.3537520199317536,96.35172723981533,83.3624174618937,52.64758609300172,4.112822558526736,78.63447742406589,82.60981015729114
6.347176438169216,53.01336951447804,81.55194589222648,53.76194662226034,8.308324423495506,90.05948774496392,86.70540131350911
4.428017709679194,96.72180134027572,48.06610776448731,68.14643266285472,6.885585411939532,74.64120407318006,76.47563007200736
9.72922958033143,67.58113436198173,57.963735302300876,56.11373004721855,8.453292277309213,78.78444251368535,88.03798151905266
8.579070308221379,55.07104142246082,61.52293152502081,46.058686409065665,6.984726117065863,67.50180876557837,77.1379302230031
8.54495834240024,74.29358795931628,88.2662324607703,50.04946534564646,8.050805449798514,71.72243919304316,96.38796146747211
5.218238438154732,62.8388283860254,56.72559234487318,48.836533813125456,6.14836681677574,42.06261150110351,66.64986246049175
4.733375521038987,64.24364509809614,52.64229783203219,98.3846078747379,7.749299656441344,78.33778131839708,77.43816313272599
3.4606636473763563,65.36449824631433,97.44688114228578,85.55755041510841,8.56520733444928,44.88683277346955,97.88625386869894
1.507379469858344,90.15129489163317,40.531797106808135,98.06568791617372,6.860614818611031,66.10087566041341,80.5193250962395
8.782501386295479,76.95806383376272,99.8692513409187,66.38442919047452,4.903925752811897,57.55930586004447,98.86785202677206
8.316109082170698,65.56538495780018,80.60927793144373,56.702108899759395,5.343988075150991,72.72567701270279,93.00901559947462
9.997459059575176,80.51668916554593,89.70815796694703,87.8975918325512,4.993222884487029,48.00498013139243,100.0
9.969731533665149,85.80753371115968,57.67716378077159,59.57523508246881,5.234285137978665,81.4986041183991,99.6548287489533
5.998885350423647,63.63120003667669,40.858916660023596,57.9630024223209,5.532077246755182,87.70069221570822,71.10458022382079
7.9208867366245945,70.67745507626758,84.2721711136918,53.950359532469875,6.775668933765942,49.80126698458939,95.01606473754535
9.502891568941852,56.09430466684738,90.04867582004054,47.78073869345412,6.939958147319164,46.25878524111293,89.15315245196602
8.646826516096702,59.05746747673402,84.42856791721115,55.387783661005955,6.132498736209305,48.73092896724155,83.88117738002957
3.226132915688779,84.05589269824914,48.57101723805032,61.31918490843326,7.077103899104177,92.6276537139101,80.79537589241633
5.054897217790842,59.071917384781344,85.20567533541814,80.43965248874383,4.407874628056829,71.69135570538137,92.75817601055994
2.162434736363455,76.258169183353,86.13536692645846,43.753890533167095,4.438941185290799,68.03565976045016,87.47692347406367
9.586459245328502,85.45231308612163,79.5124309402033,52.630416379920575,4.859147301788292,46.402709146141255,89.73348364289792
6.455571710057921,55.34384615473719,85.96695596773517,88.54141841750058,6.590387490201724,78.97336040541771,97.68560187933372
3.0577852495311646,78.36561098144517,90.75528638066393,48.81531541502625,5.069973393491567,92.07997551370539,84.99204925210175
7.045306159652711,62.82813918506819,76.81624685424751,60.55870879135129,5.416422017462887,89.69115215940718,93.23797363263321
6.5631541641210625,98.146343761879,45.31628283818074,91.87953531148841,6.00156418086497,77.56328253884809,85.73486292702754
4.223464462295564,74.17728233599624,69.25766858003266,49.29551866860656,8.059330620051899,44.516722999100416,71.27616331958302
2.022018329796661,90.2996274887579,44.6589600802963,44.96421013709139,4.069310679564301,46.743821630560774,59.41695324777273
7.044158760335196,77.51132710781309,64.45258186194584,69.07227970480065,7.246894101183112,42.95853922658948,85.91824061803968
5.68276930813414,52.170626642740956,64.42638934753765,58.14517067671218,7.344382655203427,55.448752989548154,73.05634434444275
7.950865525620754,81.65756877970111,43.960590648414495,73.80450186903124,7.9932789017831825,48.13968802962266,86.69045681125212
5.68147151000794,97.57016711033285,60.92923203816876,88.22829342900852,8.663764695301566,55.602882415146034,96.94613304330863
8.669633502866862,80.08059100731656,46.65988592747889,48.22890928916459,4.100689244746449,63.1034833431377,82.81535750369606
5.9671615489703695,90.95944297133951,88.49411260055334,74.84194507325711,4.768918527566081,96.57896704426814,100.0
6.0484417438184765,94.2103231674204,96.86128155786824,70.33052562339184,8.430856470279966,76.62256358690152,100.0
8.889882423925105,61.40398859744663,44.338988515476316,48.64472716079197,6.292592810935076,90.09842714097775,76.50454610028358
4.631345795911574,60.60224199541133,97.30691243750209,77.43990913173894,6.822953194667317,82.62109004273994,99.5793582844035
2.2061370560557667,80.54904944254959,71.3545959602047,56.4184250716463,7.315136018615737,46.750187831597906,72.35441064838601
1.2590440868200508,70.55142349033524,57.973940677232434,69.27005911264075,7.395333022478187,84.15522438243693,77.1115812232838
7.796235301062571,91.99306514333603,44.61172451656981,44.93633945662371,8.658702016582541,56.50593289354747,88.78801442413318
6.582785962181182,95.00115616990055,70.03745608422507,67.57504343281738,8.984747087058349,78.34647081968238,99.00189259949099
7.336717912893012,67.6710689651359,87.67093266944492,58.38780808256922,7.600787304654701,60.45771841857931,86.78660242818813
2.9166774535801965,61.8435279487241,82.42518863600189,89.34287267112126,5.436106046025754,99.86033579587955,85.12505271811979
2.2273432802809277,89.0262757621931,43.01356068783843,43.4187236198421,8.398762011471717,55.81308876980667,71.94536889815139
1.1309019910109375,63.740301777406806,44.374110122074214,65.1164364950998,4.246104572703808,56.74782824645618,58.54912341618519
4.155288029259372,91.13071592568392,64.17239695795823,67.50588544788627,5.155404264372481,95.8403353337439,87.95108293076026
6.309259181691698,71.18691268243813,57.717429642876596,83.50036457794712,8.486928587318573,41.47866427817936,86.51768959167121
4.530196405897591,83.37749496457351,53.94305938336287,74.45725450541266,5.280957572196774,81.80133927239181,85.22164483808439
4.937274298213562,54.77676569173341,56.86026993452282,80.03274023165086,5.103255298108742,83.51958344415269,79.67076069653216
9.137428250443735,81.19296623382866,88.20896459781308,86.62295713910537,4.690626465701236,90.18271464462396,100.0
4.134299203209704,72.58838393686145,95.75368321791123,91.73217841949133,8.295558788234583,98.46635863830852,100.0
5.625905402438297,79.3304231587737,64.30616167165398,58.83252980334823,6.500291295955433,98.53611514939914,91.58327745187731
8.052877114670288,58.40071038724317,94.36666012794981,72.28136232183418,7.374466015270774,43.916605453987835,96.91831564722175
4.568885040891431,86.8436872472091,59.28974207487292,90.40648470635199,5.195331920375148,89.31035936517415,88.48946052011185
6.598780302050861,93.13985387716143,68.5862191806275,99.36706785790338,7.790202105056082,78.77859601944289,100.0
8.761273378720706,60.836990004538784,53.56173986895998,93.37115866262579,7.800027724810493,78.84052806238547,92.08323656328469
9.54568561291878,54.78572777600809,78.42856253055064,62.28803575746261,5.562990124541501,47.70099559688169,85.66714275531211
2.323661328361341,51.18192930231682,98.73886691048853,51.709991033119024,6.053413165051414,79.01122998673921,77.16376950621598
9.339288626453449,82.0985750221633,76.20958576260273,69.36355224439532,5.048451387151005,98.94895483607488,99.38507177735745
5.429046637715844,80.35470180443903,61.46884504681293,84.49848711016253,8.882805116614522,94.70911417236681,92.2980563865483
3.324199494690625,77.33487063570351,78.86904675943171,69.55414424519785,7.228012885292058,66.34783964829103,89.8286949793152
5.132221806144352,61.59735480579877,47.375240707923254,68.9908517988201,8.672719403577577,42.39687839716566,68.6867243826626
9.820293177569294,69.54529979527574,93.31954481592392,90.29382526490804,5.516927718145666,61.73760940001229,100.0
5.4335628459358265,79.72381675930865,70.18503704679019,61.68422674403118,7.909454564984449,89.5834186960333,87.55478869373243
3.958764492587574,74.83834294295846,66.96098452237852,91.58768048869874,7.82929321942371,82.08994608790996,87.89606797142049
6.700607688850532,99.38927601074437,75.15188730721115,64.40828805710342,7.458278259332708,67.56061933563738,90.84420705362777
3.1613105690037377,56.821987627836656,77.48703176736414,59.69398634070036,8.828194876334003,43.306092109529864,73.84434851705656
1.6827699529779752,84.75722770237968,44.30654837359078,67.23939467198194,5.9677766805315775,65.61368366939816,68.19285504880817
2.159917497195843,70.21593840521462,80.95703327340414,85.7468175204921,4.653586617948786,68.14149638307302,84.54334902204589
2.152412550619952,71.40998074628074,54.515900818931776,47.56012167183965,7.358544296220304,95.71333197364817,72.96307507015906
2.3671242416106493,85.87988828290881,82.83715795039538,51.78515295232104,7.646549002386031,78.46516621492957,79.83126418219649
2.2494445538446914,84.62180756621848,89.3520876630518,97.08668953978551,6.8753028672940735,58.69917499927894,96.11154338609285
6.767872703228932,99.56279968510941,88.23751045315122,50.52949764288144,5.034089465666981,71.51909586704329,98.39575798000693
2.6369207595923037,56.41971447270626,73.15005804447335,74.06363907586328,6.522279708346777,43.96331846932961,73.71837425368246
4.111005549914768,55.20548246920832,71.21019353864507,74.75886799971627,5.5609486828456465,98.35409413898421,83.11936948414161
9.071095689154106,86.21694085643705,48.5725576803647,69.37746772301469,6.137332640833446,61.60359411584356,87.18723861087952
5.265654762365851,78.91934585032045,86.52076902418813,78.68471491460912,7.226092879223319,68.67204129478814,95.86607536647418
7.008019646689244,63.70803332799029,56.28456282680286,53.789603547857105,7.726073713454173,61.31703845421536,81.18534363028307
2.5508788408146685,53.97096844944933,69.80172536907679,73.15973606660489,5.161123454506716,80.950703806972,68.21641187616582
2.730601169278037,54.282912479821526,57.056445575651004,62.33039531481383,6.026626803234767,79.73392949977558,67.45941357576085
1.3678175463983098,94.70954373320592,48.029701779981586,79.70003557775135,5.345807854958146,82.91933863174813,75.54209173495545
2.520415567649481,59.59336623593715,77.77346181350418,48.47341260238897,4.993158069309345,56.08859377671525,71.54727257804413
3.5073130512876274,66.16857810577604,43.25992208937423,74.25264501036858,7.916936099979192,58.94010886984396,75.24973812218622
2.5930943584907213,61.3328201113494,84.918714047572,51.11622132299942,8.546263472184961,47.51507386577248,72.63804370454095
1.7983228038135004,67.74981529159686,59.055207715666995,56.71858378690219,5.851160928422884,79.33059831076676,68.03497139237881
2.085722839905407,53.47119213730467,40.00808158026912,53.12258801941499,7.756394621868834,42.38782764013915,53.722604691996615
5.147008912294532,75.95298954541352,70.6677483542338,50.970266792129024,8.484976446822056,75.86094013140755,81.74454676624795
2.8570034656521326,53.380628179610746,42.811114511656186,89.54265709364002,8.230621052651157,92.18175309109803,72.40310103217728
4.278428749432679,90.01782539111808,56.57017346925397,57.14245405965342,4.914066942696129,93.44992889737802,85.46053151624629
5.530755437693712,61.685604095521654,82.41858924734296,95.62742691186696,8.781459407566807,66.94226562219771,90.07144662498385
7.213553457664288,77.00059573022553,43.76137729731195,98.19559152071145,5.883382202147312,67.55822129278442,88.79132947116571
1.3538092585698904,94.0039543780729,90.36030954136014,74.27562819622584,5.696203305869181,44.61815098048104,77.80882209135834
8.194693590181384,82.5438684523597,40.22919535951499,48.580067359943584,4.3121566363889015,80.24590152658214,78.16019148869196
6.6511035054181695,76.64788932756676,54.809432152114134,62.47289460277487,6.430868270524416,89.27556522237073,84.68568346813522
1.7358312875398472,66.21668765576878,84.45424336912428,87.86393580089285,4.545068078204643,54.67930327628278,86.56291111782627
8.862207616960994,66.6500956529099,58.97620898375841,62.04344372182423,5.24269910463713,65.27805289800187,84.75506284370951
9.287851604786319,83.4743477599095,46.11354328396081,45.221033098167325,5.584713108836407,90.33036020591622,78.48451334511581
1.5497016386937736,99.70696806105838,61.61403512802568,73.40709465569128,8.04413161745842,92.62722805973729,77.3811612134286
3.4918988333248335,83.09195949246893,56.22359718307153,90.70725108976208,8.377443251979482,54.59079881585356,82.34913895780511
8.255811518137552,77.88917086850125,90.56271412963329,87.75558322861013,5.512331587307348,73.03423807248186,100.0
7.734337213452926,86.5325255119623,58.80087505510859,50.507388407821196,8.29349060622287,51.54958903814962,87.51981263368486
2.6606891742073957,73.26028061418592,87.33594830656043,80.365876864748,8.286154686848956,46.112725848373394,85.82366341924985
2.8841439100303927,53.00711713003926,93.51232868864409,53.23025580613883,7.823254751924368,94.66723008351745,88.94523196392879
4.334248925122438,78.1148407938955,66.02904517459177,53.09245207313033,4.733475570075908,89.23045025392655,79.10597184821434
5.360706866719192,97.881264225269,94.59658863126353,92.44430639831111,7.451614234503645,85.60209410819044,100.0
6.564292943772664,58.76514711788298,62.63908323779157,54.98013716441381,8.725120322902843,42.92597912878843,70.91265929254709
4.320222756127952,84.50024454103328,97.8447049894065,55.794840791080674,7.412702393835785,90.62372756261544,93.23416264779529
5.162812445198331,60.04668443295282,45.35737147153438,40.03920344567797,5.65808424553917,66.28264455432303,59.04232142525918
7.727238443203809,76.79138422365406,81.22115599019457,92.24014204753107,6.502896587154156,60.543707397751575,98.57586734670426
1.330148826015381,54.83382248233598,69.62884242741572,87.55568879254808,7.228625216755268,72.78858166152258,75.4312028472948
3.2719324990961867,72.51854681290925,63.25892832733882,77.63973610544068,6.552852043642518,45.481194563413354,76.4989068749566
7.420146272960972,87.8081664447623,77.96271272491606,85.01594583633053,4.599764708654849,85.39879296114393,100.0
9.056861539184794,67.37857621194911,82.23142549805988,49.12291404546951,5.560320223260103,74.94610461329776,90.07233818171993
5.6050969790409955,83.24558622436089,40.261796179018546,67.49941567525453,8.011980152768164,51.19540581239005,75.74358241782028
5.789021367387841,89.77249803948646,50.01718532483192,61.07316324092685,8.307090230477588,51.29393198614274,74.98630074809824
1.9645481020579845,96.35889097397263,82.78276303805913,45.62659157542099,4.686500163577851,51.05491909436046,83.96073227258837
5.026711301411092,61.73210409277267,79.98312481469239,69.16782911289545,8.761933761993623,43.42014325311604,82.13552799041263
5.793555398095209,69.9657957904654,97.96285030772063,95.24437902055811,5.644113089243047,75.26790696230108,99.16114289423305
3.1822345327125667,57.62080066652087,85.66226741504698,42.40354714304167,7.3115686936536,90.42089065531049,86.5914393892822
3.4231890785444286,99.62417510791876,97.04636246388029,57.48765480962763,7.759125729783406,41.04989283924331,86.32357267314069
4.395557467941604,96.35004839621476,82.15243009208842,52.45245617234221,8.059731173189416,42.940278698276416,82.7067258227722
1.1806407799995373,76.99785651402797,57.883132518366594,54.28879921994178,8.728748511129652,74.36621660121675,67.07097230353448
3.8987124902486046,92.10166471882107,46.32189533505139,94.50607311276252,5.564597740144113,89.16974112316313,85.44172922893911
2.9030320629689017,76.04789886360211,86.90943180069613,68.08414325405741,8.292532272757771,59.60433343411802,87.6058870062522
3.9474761696012317,81.17928440013799,78.64895328855496,67.97796477638913,4.6584345171810355,60.97686392846333,87.11821720579532
2.077859186373261,54.456221605800835,42.89116074359777,85.63453854731694,7.5252045317679634,75.78078984980655,78.62278070997121
9.014745526659055,87.7635210248404,61.6030279540587,49.26953224029555,7.7098886475699295,56.45277334744882,81.5308074082076
6.342332081986438,56.38567418176174,97.40798892905717,69.23592124600304,7.388616206006603,41.596501964661044,92.47753974077926
7.111920872300407,91.30338151262642,70.02406874261207,65.79911284726359,5.261573680675765,84.11371108609576,92.8716875054406
8.102541147466045,89.1014043835193,65.96374816118228,75.81464143279936,8.365215735076017,77.53899477648719,96.75930531649742
5.485979790361515,85.43723488714882,67.46197630955764,99.97346219502631,4.844292316851975,74.84535994333955,91.30379167700843
1.7822825927868133,51.80801902623811,52.53296344030982,86.16693364492284,4.268173957604154,84.50104773950939,65.4822528153974
5.83395887636693,65.15641779726643,62.122430251887714,63.87194218104563,7.587324953059561,80.51385025372225,90.27627750352354
6.281570062187912,63.155628495542146,62.188795359230596,89.65318313644282,6.377378576163668,52.35291929069927,87.51357734496602
7.70895526765897,68.00682037357595,43.14130121124835,50.24250179874881,8.245490099793379,61.14886281660107,77.28355446278246
4.884935916067114,54.382137338191924,86.0540577110751,41.827821178537604,5.916985705291294,47.5666085007175,81.56500140858823
2.148222725160074,96.84789115155314,64.99026591423274,52.26690234785639,4.8413929425385644,47.79142080507286,67.77421475393747
3.55398315218852,77.69011203561881,89.3307932089854,60.42469336685558,8.182210962349348,80.57174478139235,84.96691214765663
4.267740667587716,65.27621553290118,91.02088006719373,70.6348454475736,6.744548158200359,91.5160064189499,83.38385122585113
6.8132551719844106,69.84907585371417,52.71964328191949,76.90774843247199,4.9459789619517744,97.76395503166833,84.15254999237429
6.137004742020207,72.36012702524178,79.44120893020772,94.63634303286531,7.6019199929322285,77.70082705296667,98.54768950261654
4.204870533080616,80.02971666803086,68.3369082497789,70.59124057302746,6.555568192447502,51.04607940165742,81.86857227767331
9.878637239136816,75.7839713848249,92.8094042752891,70.07653867754377,7.021564911201599,46.33902072693584,100.0
6.451973374211985,95.96959866072086,52.94444075058725,43.01458058937893,6.30449169103291,88.77105829220547,79.97082825368433
3.1350411256239505,74.84817414529151,80.66879201860266,42.09469315937343,8.143544919090033,74.72538858159996,84.13892538173647
1.9160422535836337,99.60790074116564,76.46512733516334,73.06959771498232,8.14781357841525,77.0971012608232,90.1101210543658
2.375732252658988,92.57124788725478,57.718088654309966,66.29071679490067,7.546944109121931,86.88772532528256,84.54454820340372
3.213619555460573,60.42552571786679,48.196054219070355,90.35082369881792,4.527006886982312,82.1966336639471,66.45926588337404
2.446132359336001,96.52976073219581,79.09838562863659,49.64077508271071,8.194269309520344,90.0674951713658,89.1718642264662
2.679103216461752,55.818319894273806,84.31584748793983,41.498299727022975,7.355064902664549,43.372834327592706,66.10146069250679
3.565856518244624,90.87248542455958,58.937640625800995,66.94232607580756,7.485120830021497,84.85123820479029,82.77589147047361
2.560362357652793,69.03116467382901,78.68995624133882,54.24871340513545,5.814914202019358,91.05116543932573,82.49699020014478
9.070888821637826,93.89871602225347,63.7078544566902,42.97686240033025,8.396397780785033,57.16810254749886,92.70173063134204
1.7221037109547799,93.40283450537251,82.79241299695707,83.47589721085774,7.626858001174288,78.42683643959518,87.78784384259805
5.720602506132292,90.29627000588106,51.95291649364319,46.69557999743485,4.562952332645972,58.84972383021832,76.90112360445026
4.693571442906954,89.50152181535307,93.41290015817046,76.49917000046631,6.038890172030813,97.47826398894725,95.43036859155072
9.841407552177458,65.23395695490204,57.244575787934785,56.86298501001335,8.431901809800708,42.00541434613022,89.96760983030228
2.008350119512471,54.04596415256261,62.06715926536917,50.40976302130132,4.235983508486895,74.7875706299773,64.12361100736241
4.580700391411675,70.14900893825808,43.48551712482099,62.78509137515905,8.807083098210247,49.9902128229709,75.78435066084799
9.72523389947832,58.67622574932543,46.690732739276584,88.08674657337721,7.395812841597814,82.73321231062951,89.16175233093792
8.789564133045822,84.74755444512309,70.95171416273969,63.52561461427436,7.156879888216883,50.55341700511973,91.91323433142422
8.353648638543518,67.30498632688928,56.05556060367829,85.04617895266334,5.352796282439957,54.12299571390145,83.68298941638697
3.3211254434044584,98.78051004299574,90.12881354453165,47.52917780794904,5.243958943695885,69.66224866274548,92.19806160257679
2.5379882865105925,82.04860386726659,40.88160331929723,86.36628517990475,8.710291097442976,94.89009699981268,76.80296267944048
7.017788979319879,91.12402818171805,62.74564292031617,54.215999494398915,5.491362271170614,52.702862328878254,88.0065553106486
9.364383902148273,56.62623363709242,60.24073280614556,80.64358779333236,7.8775264835949965,48.654401267086214,86.85086399172297
6.010866037125368,93.10072411363113,41.15965785505606,73.94689329045978,5.9656089910353955,85.53860991124183,77.1970305085309
6.144514205229099,96.13785952566971,47.462103940030616,95.74868303270124,4.69627035392352,70.03717194003586,87.13855918303948
3.5198118429425573,74.35309594094679,64.81856049511812,63.23935107851884,4.053576488476795,94.70710674290629,75.45466432635419
7.925436398727432,80.31264688754888,69.5718750668468,43.969911330066424,6.7212866850762545,48.79687342959053,85.8680625153444
2.6833937370177106,88.24049004514977,64.25738483529214,41.14932913307518,8.878894092744662,78.75567358138235,73.64339274150413
3.913113127638193,58.741931363020626,71.85626070472563,89.6115136583652,5.845680969046022,53.972748769108904,84.01661713163926
4.828927947547751,75.12830382317212,75.70790049434089,71.48413825968593,5.785961669965224,49.40562571909836,83.32429840204372
5.568493408160095,69.93315138861566,40.59542926767014,86.51464311009696,5.72045808924721,81.00576490943624,78.93269746203634
3.181687591735722,57.31869960811245,67.84570956721024,54.065536000690884,6.602719186524292,75.62107719452399,76.09190490957755
2.033531422652832,68.37672111457657,97.8099544532553,60.70502473079402,6.203324417121468,85.28964750173986,90.16423223533599
6.495580381974693,53.40861546927468,71.14193680777292,41.80623233267914,8.399573133635073,58.567754586770945,78.27645585935686
3.597674979162302,51.29059534747435,80.65253604753718,97.68953947444673,6.527603958617451,66.8782993829314,81.75215867243821
6.231143992803511,56.758314457741136,58.71183147501299,80.0720744020488,6.538789190942844,64.32830057982511,74.11539246838788
2.389264437467821,98.15575557945868,86.43948268916574,95.99230526555837,4.691857973602783,99.04536783799085,95.83047250929403
5.330260916693358,77.47647679475085,86.3752889125669,55.92978444574434,8.913697704551929,57.534937404363276,87.40442928667257
5.793304892964272,98.291108057661,71.27776285924834,76.68781667353966,5.249864454344149,57.689034300806014,92.62229610283619
1.4664118314018422,71.62489391650661,98.56082939675281,80.70999809755827,4.366820337298013,61.272892529716444,83.51434559075014
4.029438503745285,65.59080665426298,47.533012885759206,59.05298201545531,7.315731244876044,73.87564487741929,74.60411245175519
2.209732092450768,75.3070931420122,41.01685989337486,90.8865541009378,6.976831850784363,55.139364655824714,68.28475239341718
1.5703747342549097,71.9755844316455,86.20949270542576,96.82968777401487,6.0757282699637285,94.91739642275644,90.32912035722332
9.909642091509507,55.2832342130872,88.42933224189295,93.09130706176026,6.1109611694033905,55.94113389197581,100.0
3.9011846047725065,82.0413157345103,47.21243374723458,84.34401855636236,7.925319605232156,93.74894389361168,85.42634409241074
8.288870012691714,60.80190912547998,55.93496997751636,56.64788078349724,4.978563200498245,46.20850381879508,77.50344392839304
3.2917658928738747,80.97939774489149,41.05314180199773,56.8969625263379,8.101266594724448,79.39376214397913,70.20455613401006
7.133524500015364,82.51005461990766,57.598516646833886,97.80161922676228,7.24373556947509,94.41913110629463,95.60606211142401
7.842050739007179,57.601242656432404,86.38851243512029,40.61706975614152,6.094848868897622,50.12496630389377,81.35700184404081
6.360748665470599,53.06748135553341,71.07763166275474,82.96299839452867,6.290143082919343,98.0996176059553,88.2215424075269
5.244185696951425,89.038079303422,60.88573559009728,82.37476975331573,5.283236035930479,67.1730016249307,90.4801479028925
4.706568227325417,72.99002118846602,62.30435769437982,77.36137245698785,7.760571663484874,96.74290650646147,87.12506577144859
4.139814398886958,52.90818977527379,40.08121754292809,99.40653076521195,6.564373711526339,80.60920261780282,69.43010281846962
9.365762298230432,99.74331585848836,57.98803165391415,58.712766145823515,5.604272713749218,58.09521219241309,100.0
8.475574670089562,52.88902804981833,78.78752449827583,60.398311827594895,6.9802505788047515,51.29815149502639,88.62527357947242
9.685242195998613,84.75176144292766,98.45166662898143,44.73636417679333,8.978672260256616,58.22410277350596,99.09518162840911
2.1186750113699024,99.18394626317068,90.82364961903397,66.56788819262425,6.176311398282769,45.5810445557605,85.20533919243115
7.577807276832798,61.95900521079628,41.41569787873175,55.662911574090884,8.603457003893098,48.63207798059979,74.68346889867347
9.44506411138934,57.11246843435981,93.91363628049035,60.60320213065865,5.725084199622831,46.27962642078887,100.0
2.6310975954909415,56.069246971121444,86.99190479791756,90.07430741533766,4.273663534624929,65.37661262449346,77.85005678218486
1.5984664063009975,65.16375737837978,86.82256741425883,96.12907081164974,5.0212105318421445,87.73470257545519,90.98215480688377
7.670085843610531,55.052290550532334,67.47974554021428,51.143984320311134,6.093475716638421,48.48301325298041,84.53017331894381
6.170258018619207,84.60806708470659,63.88031757727017,62.35053589320795,5.098174642972845,47.81922599034015,80.14268654104184
8.576458990824449,53.114589906503134,58.174943729991554,95.71783372692364,4.001135191091278,78.60573697103985,88.10630622765675
2.2579513896366055,75.47110640748949,43.941691537261946,43.70850764135336,8.575007688737635,51.83097891808398,59.12336464148386
8.15740580673901,99.83484269264883,53.69412180962195,45.54163168668271,8.219397056154644,45.8566022865395,85.89365758429739
2.8146458804297008,90.69851347530094,54.79621809868148,49.76745935237376,7.711461157434735,50.01091469233466,72.36785750733901
2.4729034857913406,80.76097191155054,69.0446241826121,75.71277004761248,4.839072978230143,95.42388375260657,86.50411510360729
2.4783921813789362,65.31268103933058,84.84666439580164,49.02833626035985,4.60181788104993,89.28827516657145,83.46157996778997
8.33117248208244,81.19479181458192,68.4285897038768,98.08458288704401,4.338023747361916,61.24387374130565,94.35816793321605
6.986774986265801,76.35207319558258,43.47066696682964,66.80287163551122,7.620145943864606,79.34924603964356,75.259466934187
5.707588822922074,71.30416919451858,97.46738805929223,70.09107762100999,8.644039803439426,72.23654042008229,97.892549489548
4.229474357111522,56.535518837009974,96.56345914564673,54.79951694832439,6.152679104565185,80.62745580895384,87.6550914675423
8.894804867317974,94.33021076202334,87.1113725889045,68.257615146084,4.595703359980241,80.96026914776556,100.0
4.532005966803719,72.48923244106612,99.47967409385323,79.71481795822069,6.561964103660532,77.72404090359957,95.8146569802008
8.349394955244193,59.73112559103825,72.66893996801578,85.07062821724256,5.74415953729315,55.96608211223852,91.7437717634501
4.952214177131966,68.38796754386448,97.76610101519236,85.23208496259478,5.8741246217499885,42.340385245769085,97.85421639430666
4.392499864824169,70.70648762644635,44.53630243700505,74.6734667616453,7.106653120778536,67.33400691940653,76.49263098433667
5.164118071026458,91.37689477834371,61.940844895682275,94.26158649963143,7.593590566311011,93.45843308144222,94.88629560081998
3.7124008674772786,86.6807190280701,53.52287608040595,89.04447083836656,4.5530179943658045,74.16983551111456,80.26018117530197
7.72848442158626,88.46524468206698,51.7499850480562,85.42288688191752,4.177951154032382,89.94346250211447,92.78906523551773
5.5244835108323125,50.55156322143236,48.44817693356056,43.33633130082764,8.971651513428574,99.49746057767369,80.72212791406706
3.0899142563213555,70.80769990898807,77.34481849395979,40.41267773317896,5.16364174457776,49.81697224829658,71.45018903237403
9.096171159471115,74.06720758176618,86.8793113448383,52.74683663172838,4.269152624542295,81.50665834851894,97.77649956498726
4.455020992358903,50.95961384115284,74.69790396522164,79.81141563480713,4.9493766454795995,80.45761442200148,80.08289465191316
5.891975750025898,62.99066043725171,48.817762575292576,64.67184933295275,4.194789231742321,98.7973268414967,83.06955509370685
9.158248998680923,88.01449115610674,88.66742619600825,64.14437555795871,5.959054473085859,99.13604403716802,100.0
6.618141963225929,56.855485286449955,78.15728242982371,93.07521329377683,8.012008922256621,81.20071670344777,97.121484579919
2.0520823663752767,76.76550657262959,63.28994236761973,93.73377088791032,5.7062222487886025,54.616887518931655,78.3084191073569
9.458489112521276,60.76009360086188,80.44781773216377,94.55051584321515,6.2209170343918325,87.91335028783594,100.0
6.6493724776427605,50.60603873219466,55.59429875456997,58.832684590901636,7.377933867837194,46.42174805266229,63.827864506461495
4.014150531913775,62.06007287997707,60.71153250965263,81.46334876435571,6.5444703503494015,86.84195825029772,84.33457415599172
2.2534486539704854,98.7936877455027,95.04915058791941,56.29799087646218,8.30722843010662,94.61176744868177,96.23305797773705
8.146226703432664,90.07685559414948,57.43027034028522,51.43658998446699,8.330178375228783,62.97000368610611,91.09570472885409
6.580654803356621,97.97883221605167,68.19929608947619,51.07794744084215,4.049553477455769,77.83811769898483,87.10119984236711
5.801149827786894,74.39270219631813,93.40846824376088,60.52645725181564,7.890231532415996,65.80856392580958,92.54494775312206
9.045033247458619,55.48680993387518,82.46328101605164,65.7974571867893,6.3036680012083695,66.26590329928771,91.84464554493844
8.097374901020777,77.39797444868465,43.73219356988216,89.8569502633041,8.944202706518315,58.6222533464872,92.90578077032256
2.365073917594761,72.71886672799805,48.83818265673822,47.19346560836273,6.4161603793771755,85.72777722701949,67.10151406865963
3.805498610159934,92.2178541369808,40.470495446315006,84.09555084369364,8.934479726941488,96.17059384999031,93.45580778208496
3.236402258330192,54.90412903921223,77.85530741374981,71.88729485135832,7.772846806028683,96.44505155406767,85.85233932470588
7.695516633154092,74.4120568510889,66.8604055246251,57.27672056055955,5.243024423066531,50.48687709249603,79.36301230373287
1.3017919126220145,57.50243323469921,48.05649105413653,69.56917507196948,6.691974896434788,92.48461897939396,67.07578256462061
6.129007163841849,66.23379634450299,97.47604726340623,57.99652418662136,8.960678197392914,84.24588648562732,94.79561341737958
7.862128171666215,86.86785386938999,71.7795834367372,75.76491731429836,8.287653038759618,55.170244041417355,87.77625072017092
8.890890730855745,73.80090646843833,54.51359764677335,66.03063537131464,4.486834468956106,44.03707677529087,89.55625254679622
4.078735738443167,68.79441425728847,70.03621426928245,49.86433174473272,7.53185998404998,56.079836013062675,79.13101781170482
8.391315742048116,69.72381392850177,80.77721996410646,46.9949844733418,5.727897929354065,94.73249420689154,97.00528846546557
1.995685632596865,72.97233842029934,44.57435307841387,72.80174092432782,4.034911309401741,77.99072049374634,68.98182221165958
8.618070625610663,89.25082719185284,56.482228902873516,94.1447819971662,6.0174048451349975,83.2632796538723,94.23096542684792
2.147397960987842,94.60423444701172,88.41792945303962,60.637461193461135,5.173772108624856,55.42914106654575,82.61224135013863
4.575585615043305,97.76673432519641,67.57989222415968,83.9800064333574,8.094346352602358,83.1632893344892,98.64670476542605
8.175658292015981,89.34516931276475,72.7946285219377,79.51968129638601,5.6866530442288274,41.68729037667543,90.7550301729409
2.349256846138964,65.77034478740063,65.96896013256816,95.89329485856885,8.137618469769086,62.51928074638083,70.34443295307933
3.0632625570937733,84.4067353043271,42.63399655858031,89.25886103794845,4.002989694173976,77.60520091253987,75.46825908300546
7.500273115537596,71.8801562027696,49.94498678920935,73.99631553432778,5.5390957501305955,48.76579393247921,80.17984579649142
7.480328828914669,62.73353110230256,66.73249832451346,79.42182989404644,5.20582607153881,89.38021446681608,91.7388919331636
6.770328695967676,92.04357897129613,52.551127924475665,93.90318799504209,5.167836805343055,54.10187792871512,92.27387456295797
7.2455360002039,51.92131744811625,42.99874171958072,63.97112707521609,4.340933098827313,79.13686676910677,76.83165412278798
5.884519990128366,95.08809960677118,90.61897984310943,59.60768235146664,4.935621352052508,64.31182855451978,96.751854878191
3.266191530162575,73.0738732312367,98.87155174984696,40.64866501811178,6.777747849428099,75.76261572865883,90.73743944047254
4.111263941535275,81.86007384041402,87.58857243980437,89.59306445148786,5.456805364188723,46.44703315773449,84.57441169992869
2.634379451212831,82.96769611028913,91.22709530228002,88.0588420242019,6.08697391164574,41.01476799529644,89.90924600276335
9.176055052002654,94.75588703532682,54.518627819022726,46.26727108600908,5.884334401735943,94.57386564281808,96.36378416385735
6.250526152895084,81.83348410836037,97.63761853079198,74.61144286796201,8.379524624999473,56.177800526030964,95.35218210328067
4.607662750872759,80.69667923800309,51.8155422672057,67.83890189001325,8.526494995052577,89.18062016682754,77.58335344454396
5.1580522327971945,53.3326020280345,97.08578862170994,47.12254573054669,6.4647848582793,99.961018028332,86.81502833768027
9.525550056506338,75.9204010972602,99.68915763795707,98.83409362364341,5.650779751578022,52.685875479934666,100.0
2.380162628044722,57.50845004085208,82.70336834476292,52.88175324780133,4.534003520011818,55.910244471001334,74.8774659912215
6.276068488151175,86.87168843607428,98.86862390750932,44.034050805433665,8.767014396910476,79.77158725807993,97.34011632958747
5.5529981099601935,75.61109604063373,74.17238677402622,75.69084277011457,4.3011347245014875,97.92691807603728,88.58832462787296
6.503088118911831,84.01138896041766,55.57250699056542,84.33200062798196,5.488251387841402,94.94886089144464,89.76374040688985
1.1629916543875645,52.083645030119214,66.21975313993725,41.946606762831216,5.49033100585002,70.1725312039351,66.88729916693012
8.849115180497364,54.23960080229016,75.61365612272715,79.52305832362133,5.602006430701074,87.70661695160348,95.74185064430391
9.38906454235251,85.81616940313411,44.3848937216209,71.93751255708727,4.8214342163620465,48.14475118599407,85.21077497021066
6.086198652302881,53.60421679993367,77.34059587703476,46.195900532502904,7.915807154618486,98.64629105224074,85.61450688093004
7.26985741489203,53.56283638826293,98.87067020573767,50.35143261678172,4.612489309829946,97.86119404215918,99.77778562115425
9.302494430595662,50.605423761744376,51.406458987023655,74.07845783896482,7.174533295765814,49.82373747275026,78.93204458128872
7.3651477088205874,97.82506991497401,87.555706977303,57.7814568107973,4.619230133529087,57.965387488186394,100.0
2.3728513862283522,86.87541797295034,94.47392762677717,96.29894371907896,4.3526781879647825,46.009299850406016,91.202169095615
6.186595241501319,67.66257042510321,96.62209556921326,89.12441376904304,8.547147518429384,56.30305593389078,98.66624578998807
6.460435417445703,64.82677906438276,97.60813626432683,99.01403239081978,4.950643831593529,88.95734736491241,100.0
4.817176041721474,67.48516148729247,71.28757832328832,55.580250337024836,8.106250772798521,62.69893642991557,76.64821608021444
7.627998120622506,88.73267655905909,98.63847447949021,98.18341796787863,6.723154355535679,45.3038180288055,100.0
9.409303132921133,83.06853055352072,85.43861242806634,65.87403218749347,4.389282598043848,60.533531486734276,95.03044210279413
9.330116616160987,59.259778393373395,49.700286174217716,60.85112771882528,8.777240957190337,98.88300005447681,93.36965249955554
5.057554342637189,58.70546676670422,68.6140063880782,43.0209716181612,5.234805834959463,77.78101571555217,82.55110186763575
2.019142412566797,54.91978248566986,83.09987052232023,43.165915471576156,8.298226726763033,64.96965678436946,79.55966045464616
9.863570790661012,83.0151359850669,54.840418949145004,81.52067535679927,4.844050028922821,49.9923108098362,97.18087433367756
8.550082778013408,88.2186331110868,78.43691101293325,67.47573966604168,8.269714410709264,99.17060783702169,100.0
2.1219641308294017,63.2523214162502,79.99602874279715,53.591297562166346,4.06614406452647,89.25094055578774,75.01445267857827
9.28757694355635,51.047248051545644,49.76198462851396,76.83821837951396,6.558902282847404,56.88863814705516,75.8608311260199
8.829067258559155,54.10858337382137,73.90511874716537,55.17148709500667,7.847212897107784,44.204121743271365,93.55278569026656
5.669542514134649,98.39300174225153,86.29761465871647,74.65790526066536,8.673977587463916,43.39753344265348,99.23257730254636
6.321478921704363,64.77223887387102,69.93373987215651,61.552524818961416,8.546010681032435,47.22268897033203,80.73645521267355
4.591024334831173,88.46115739190668,40.72618700656645,89.41313359670914,8.098124347738224,74.8461150168653,88.74728664336293
1.492854749398282,81.23317844271318,40.54230814475753,89.24176964600676,8.44095674830652,95.72580527232955,73.29917138649513
4.016775174813109,69.09698198264479,61.42176063820073,68.64102388734408,4.996098429185382,69.80460568035906,78.6360621658259
8.225681037382103,60.28436310977776,95.57164410590693,61.04914656010094,5.420921478558643,90.57672894737183,98.52792810777666
1.0416882070414257,56.06932090797032,53.72060677621653,61.75358779354568,5.444842624605292,66.75319719158847,64.69804291292478
4.001492545220298,80.75064840194332,78.06182133230124,88.34287154009307,5.885269655008495,82.51501274606952,92.01277871703334
4.58351824231849,88.7316890318894,53.324552241599235,59.69076896785672,5.966603351925944,83.91236423719005,75.799890694574
5.836560426441306,82.19521267705653,59.300199379572916,52.54356242241076,6.722776623273377,50.43782235420032,79.65018664512897
9.278700547714845,76.51510666245792,90.88252537608903,45.08130051251841,4.799398816832207,61.67296353854871,100.0
4.1171139492936515,52.097561171581816,83.7316865361968,68.0015872530645,7.456233318929947,78.23812939228144,83.8074233449816
4.122578817066049,98.42443887971919,45.723956638792636,68.92792593519052,4.837832696522533,44.24179649106197,78.30852289044411
7.637511232987736,89.93570958272872,65.72212125918603,90.45452262417443,5.551542410522737,61.692411265777395,92.1843301192901
5.069961468008264,64.64110183504823,41.75018581871587,53.274321786763835,6.51672565303077,72.08796797687154,70.02414106856197
3.021443406459838,98.99851646794252,68.85340879618053,62.859476420103995,7.982202807617386,99.77346958267832,87.82756685896055
5.07195564519424,80.09407948181611,79.74604070206408,88.50434433362145,7.697346166193636,68.47201375734645,97.73199445286205
2.2677131834181985,79.12113291036232,47.11015741588909,89.41741664493841,7.227671782052611,88.96340542685942,79.07421909940392
2.58748287855601,87.4036589714766,57.333096334549936,63.076664558726094,4.778866302900851,65.92403710399707,77.47353188136357
5.4853099546553175,90.58848940450687,63.87019753012942,67.54744139720086,6.735226728077889,87.78344335718253,95.13099424342163
4.770329045540931,82.82393036657513,95.17186147936299,58.197153450956975,4.437232508999427,75.7248880972065,95.25638093573062
9.2336131096129,56.40478731831,99.59530092537784,95.95329270515873,5.886815883983254,93.1957264901439,100.0
4.261545092049698,66.91337529972492,42.69467793973695,47.118625944494816,6.067582651449795,64.6565531410066,62.30876908112758
6.225295152502391,96.40418201630249,85.66047540972352,96.0249653800882,4.199057197228769,76.25826518928874,100.0
6.690378591275773,61.230780592192595,62.30344398414059,81.0319871101206,5.369940497349859,77.80112083712964,83.88000335809691
1.1178501092950026,68.60835119187567,63.547491173768805,71.89432916120387,8.778247336332447,65.0429765080284,71.9699893327196
6.971836348150395,71.6038441472098,85.25589840082137,41.95954364706975,8.768163039148448,48.65872262124889,86.37722729838497
2.6023237018277627,71.97024948472261,95.10558592872451,68.5357715093205,5.761635271262696,45.61356441474013,79.02412158275995
9.649632857225097,80.64697912472627,97.0557156701529,64.46488630016394,4.21550054474162,41.00029303597799,92.84139470348465
2.3379645497780164,97.15379188723537,74.62735516229924,49.67312871850736,4.895474696640908,92.41205585471288,81.29317533896868
4.731617113543214,62.034635591625246,61.42726955803017,79.38457621003941,5.961088967167701,54.18849473432167,78.38482446066182
1.7681470127077947,56.0750688150459,87.25294515152675,98.26905444209714,8.73889848984615,52.69040495690608,78.1334477806876
9.971868266613527,59.873524492996864,55.060082995738014,73.73132866387151,4.705995317685924,84.16212402556394,90.36719037493546
5.519755092981184,94.34624501046348,73.84444173001106,82.88519658663675,7.817579218341061,59.20096678524351,100.0
6.358465155880394,82.2905406327603,61.51470769149239,44.107027153961006,4.54341269687346,70.3626815447102,85.10170978091985
1.6036882964958474,64.29533946195801,79.39786442247257,65.06001974901969,8.906287886956385,49.750663917847376,82.04610803812278
7.7496442335926,90.79734694843086,54.42393477361041,46.981509109869755,5.908082495545675,97.58474328771815,91.44681531115198
2.889150337860272,93.0684998181718,51.49557674408955,76.76775013219063,7.87617269449528,91.09488400103425,88.50221273376025
9.082488604966423,92.3257169345139,95.09434520052622,96.30892949284927,5.712955414055659,91.8273773779002,100.0
2.8462567643380643,95.94632668197772,46.10822097697221,79.70666394829831,7.138344385794044,64.40642491432031,75.97571189063488
2.716189485972999,62.612051008668075,70.3574744640959,44.608182898865294,4.960080423700184,85.74167282243036,61.862993547080954
1.328947010632854,87.75209643731392,53.251166977780535,61.27997229910497,4.730105096484813,48.63256932338681,71.97784590981986
5.248602505989993,73.026974863707,42.335797799540046,73.03980276645109,8.690320697840656,40.517140155506816,79.99486326490904
6.083570199363548,92.09992764450308,42.161129097485585,64.19246536799514,8.588236389522168,41.19837595468169,76.66643219068452
1.5913777548551713,86.42453385808065,50.51330632634964,90.01864062851034,8.437344701064411,75.19610424427363,78.28144776348617
7.9797485502550956,88.82237232498623,92.00622127036002,88.88026028259935,7.127167250832967,67.32369431487645,100.0
5.079599512732249,82.80809188405357,56.9487246386216,76.7098612061933,8.041341056081391,71.08092093451118,87.300872808552
5.7195124239482205,58.87143847348534,97.02755023451775,62.40747670796232,4.345184684556875,40.44778842503317,89.500824794529
4.966864722444053,77.25134594484692,74.89733757935161,55.32018242579465,5.673945209453396,65.36119717944554,76.38035077920924
4.606867547877934,99.23348697622541,66.19685138612596,46.35245909278776,5.568515623785781,83.08408967205165,87.32011048985821
6.036762981773961,96.86940332485594,74.80533008016727,61.29386100919324,7.178226609763066,66.56162211804616,92.37003353418689
2.3971622133764123,52.158686789850584,71.00190311357606,64.79035103246318,5.7797888673532025,83.93315237873333,74.50869504570726
2.63735317445744,58.24074078647186,85.5265752254395,80.54937550624442,4.742533908218404,53.98113786381009,80.92491837575768
8.756070589121656,56.58643867272809,56.949763958371136,79.48958945785441,6.982335377067718,88.78852026890353,90.01845800488537
9.515039159202695,86.29899549926478,61.183023496018144,44.20648837847541,8.071919603345407,75.30587442720713,92.95677210525864
4.359783846517777,90.88926649284726,93.64565815199504,63.715558925869466,5.910617472299866,52.645785965794374,90.91072958036891
3.436702058291984,60.675568315533596,96.78739078902433,50.90673203304171,4.661343575492409,54.20322855122998,83.55840435761176
6.795995889151142,75.29263464759146,93.55349364918847,49.40876231900834,4.983440986564116,77.68182787417223,95.75269043668047
4.678607539882868,92.03515140056,65.16687963743881,89.63812898423475,5.1874165258469205,89.7963755927466,93.94306408033668
1.2284772009431038,86.64007723831253,86.82193018041289,42.514913002975455,5.4994879649726816,64.93766692174931,72.67830400154692
2.4053733762957132,77.11186027459242,68.58014399806592,65.15097255412728,7.213975352531546,55.49802574765553,74.90620859085686
7.443750059626578,79.51738452293864,69.85239112876613,50.09221934599109,7.004727422688595,92.02069641463603,95.95706508577045
6.930315477191362,75.418027345814,52.28080654343704,92.75981294070844,7.480399307835196,80.1560975050501,91.18906077229792
1.2438639325313514,64.87742256594103,75.46781819551099,73.42243079650211,5.812509922657566,66.8851292369846,77.7481412025732
2.997749457396545,78.2510996429508,51.16815386520088,53.88283818261088,8.119988259399891,69.27401171675811,79.69570960991572
3.0796731692926427,84.44426510250453,59.89388194403163,70.14563722998258,5.020438305778802,52.255388076183785,79.8113184581512
7.047034692388555,93.66614579304039,91.3018120971961,83.88918158218695,6.3452037375907695,77.60815780389063,100.0
1.1773948397892773,81.8145676989624,52.424548552651316,97.48708053516603,8.004693607707152,61.52455063257332,74.83161792494376
1.9369772378611647,88.0560768521579,44.269497110405965,53.226760254725136,4.900793238663097,99.73871060046096,61.663381144055535
8.199244768358703,58.003581747728646,44.14045555676898,93.1709063277607,4.549315568703915,68.81101091571327,82.36991247067891
2.6069019584890025,73.07787372098949,96.44707123018648,96.05824685004941,8.418419838439949,69.15313637137679,93.55850397023612
6.874714970666872,50.46658099135467,70.41522627771008,94.98523267192397,5.71464831379598,73.95110724464031,90.67165792140351
3.1436450294205387,62.33394322608115,64.5647243090211,78.12486141171459,7.41935062454516,95.00536018712481,81.23588779037806
1.8949725348341064,86.32308575565024,88.6527148604751,77.78923926608246,4.126743021319692,88.04908599158502,88.13171790842694
3.1885497189950867,99.59049756746816,90.14955567463096,64.19263799102936,7.450234442047249,67.06780418787048,86.16263323347094
7.500402386700932,54.958904979360796,59.93146198693628,85.14387293822728,5.580506557734853,83.12195595836775,83.66834581800846
8.701268212956572,70.07471579306441,81.6170834484277,71.87764110105591,4.278704267937209,75.1741299268457,98.81904397439726
8.471978781102925,90.00354843495798,86.2673689511132,80.64628427369766,7.049063807740585,69.54202292207493,100.0
4.5746517665660935,60.20178173144494,79.27904121195726,65.70747423092773,5.204019080365866,51.53894636706103,78.8801898040164
7.012766229135815,77.7542474651143,49.095704488005964,83.88978784258833,5.9340362102594,67.83617580729346,87.1658312120359
2.844858658742389,86.65356480148374,92.55298501102342,89.46829105627295,4.402904061432568,54.74911522135448,94.60734397250012
3.6383295723491194,80.79927251300896,72.34567316416053,48.78617539616897,4.7358162554747265,94.89052899109927,79.1525193540587
9.067022366690077,59.401236730770805,56.94834558220022,89.97578293445369,5.489886177479219,60.12440880978082,90.32276907667097
1.1170173115966242,67.76922843428697,65.51369112626163,72.41779190741843,4.448797502800786,97.13584087200233,72.31565437095091
1.7695767776902127,89.18958922426987,42.25426542393444,90.67995454541347,8.554131323431577,71.98331740568267,80.74642348131447
2.870976296314246,77.71132570660083,47.672008073345054,65.87810238046087,4.030235215919892,77.89266272056962,71.97979524182705
1.2387898348643773,50.261480677145634,85.93280503095164,62.7424291229821,6.419301094321558,72.57642666935966,75.5030244736638
2.632918915808176,88.0495380014047,40.00069808532197,94.90364395103335,4.616237290662757,47.76283701800205,69.30267590549714
6.247374048727229,51.76556774701196,64.99394970893754,55.07015605290408,5.5383954473897425,62.54927314047646,78.96297743470643
4.792820955332481,87.2866891365616,71.35061086513531,90.65273951716858,8.630297799091327,45.94876673665743,99.04239131339843
9.034045399692774,60.124028008261874,43.278065200058336,69.04123435056425,4.808472766369935,77.3772426510029,77.99340802046423
8.356992055645968,97.90367400596901,98.38468977833998,70.84572655307558,8.829161598591664,66.81245171202633,100.0
4.076356165280884,68.39703756510423,53.56751987498032,58.50809688936904,5.028971884947109,86.6790982942562,75.69187328736368
3.3348109008816325,66.34658081690395,58.25192317817685,74.38253203714095,7.707830542334148,53.22822885996219,77.48447558706508
4.417231673505402,57.44440251662223,58.23655073530164,59.512671776572674,6.733386324486559,49.873963505760095,68.31912536988456
6.31265448263327,65.28021077451075,53.824999727040996,42.35616485449914,8.422393637983795,64.37993385782607,64.47445560406503
3.4125727674058863,93.83253809141003,40.08842932517869,56.31991632066136,6.769966277515655,95.59512299310288,82.47649941694608
6.617340170642207,99.81671688136237,83.76068764527977,40.38274260439544,6.6727960957815435,82.6253089007447,99.66437653374662
4.684704869721164,68.41547652534241,98.01072998795712,98.7012872234114,4.977290001841999,65.13541748757513,89.639998748769
5.968424627667822,72.43053154772713,53.4576089971027,97.94483258918484,4.831146810258294,71.03633018525863,83.41791593180145
4.92513876221785,86.10354691013686,79.78283150820535,63.7093178483383,8.58244575557757,45.0527806706259,94.40119165378361
3.650191835877259,94.30978902325373,84.51377961752291,83.70225126037876,5.63919099425017,99.0745537825668,100.0
9.53607976265941,79.6522167093392,90.90552274543148,60.7483659046255,5.86041127481448,79.98443828169513,100.0
7.872452147437848,69.57628490889147,65.35775182081655,80.26558942515857,7.799118292141942,57.12424410780535,90.10701413217991
2.261018581898073,70.63109204243119,58.17585433842575,88.32580258275874,5.6941174121140365,75.14850365291466,77.49654815323221
8.816211783081215,84.78090732484034,59.517708041381866,96.80537468153445,8.760312233195013,46.56894196413964,96.89791690037612
5.386880784245623,50.16091318021393,82.75727998591077,64.01273655098032,7.689638844994001,97.95020012845501,93.13222578927119
9.050970042046822,80.97946687299203,89.00676799033816,86.99787897736286,6.9871462128671,50.48709927300196,100.0
8.198697303525837,67.77465052206787,50.89683806539616,55.95570703792713,8.404475802723763,78.88181908331285,81.77809550494477
4.8269215402231005,89.7098665638542,62.25646048946591,99.4199382276189,4.248029541747414,54.72726775233583,91.81713145195052
1.2022237748810567,54.64953199115661,94.116411804949,41.54617592586107,5.2853134609460435,83.05368295891215,74.42677914244356
3.4180962344645147,79.41011334741953,88.40161118168436,76.21172839006726,6.32518167110455,86.60928203441686,98.14608557848054
5.874707931947802,74.04864449430619,99.09150416574855,79.57035889907962,5.134892697357605,80.40518373468595,97.27767208144077
6.701303978435325,82.11627629526137,85.25489558092485,81.28273342444773,7.71952593651076,76.86996761531155,100.0
3.3209891688988207,53.24267972414842,63.59171206167534,47.22325472734534,8.596040155268625,93.5481456371207,70.53429505074679
2.254204666655417,78.99918937140657,75.43827003967826,96.31178700838782,6.118850599654617,44.717602659385484,82.68323252938093
8.514372131193692,78.07422939797618,79.66085525483922,50.870996743004966,5.7106630005594745,59.85488594681171,86.49256190974714
9.85961962633197,78.03300472080855,44.70734897902744,77.36520419439046,8.807753660687831,54.897248777850756,88.60816978897779
5.731211640724172,80.17438332982275,72.66981754623191,53.3605647473851,6.224262164137704,99.28083772392529,84.60469395511079
2.5451135726347314,83.82339686131812,82.55924970835657,58.43298502127625,6.445242002246416,63.363386780012405,85.33736210066041
3.4507659386743206,90.24944998403848,50.039278240063624,72.78751250368745,5.758249361709527,83.95676195442392,83.32699836902499
1.1655160889272005,63.49103600641072,86.83790304553344,65.03160511387459,8.547742365060692,81.08350983286027,74.26580575767251
9.228689259044492,91.2524705090031,75.0263668308467,49.61353605859038,6.844777416409254,52.724874248642664,100.0
2.05975974601127,74.91278411317268,97.13330714185568,50.2561841452509,7.810872935908224,54.339860812693075,92.31482769833096
6.188648279628282,53.852913956716556,42.5453378924135,65.08868728976798,8.059033591754432,56.87707381318205,72.00626840087438
3.466496986184854,52.92754646219896,55.919568253328016,85.43697869653005,5.709245209586291,64.66763669556275,70.26045834008755
5.9876020226421405,66.71191593480305,76.09323275798944,93.87787881086732,6.1684716566019,54.05950393903161,100.0
6.862783495166778,89.24484885557338,57.79359473235584,45.04765973556297,8.242358872031323,41.179088964810866,76.20033750438407
8.467676233364815,85.3840467370458,82.86544984427454,63.58623445356406,5.816276758379051,92.76358340843173,100.0
2.8577914458454288,89.43074823362032,85.54031695131586,46.014733823372595,7.969675667259256,97.93658988285304,90.42894147741677
1.0989624579263242,75.86345282208046,46.150957843988465,40.99554883795587,8.704961612872186,60.494223221894075,67.48390761871458
2.2319706706192655,72.00994989777453,70.83126785240606,79.7031209586374,7.116051865340035,60.31041276552837,80.49234139866982
9.100167776632945,57.372626335314195,70.53343333546336,76.14696651799527,7.708136437259444,40.42550876646226,87.24547087804521
8.865010698062637,66.40963768046558,62.156846212932464,49.78114682889317,8.025486560205675,80.81504129982244,85.21396966716406
6.376717919532775,71.70096830869376,95.97549175418033,54.02876998558385,8.225198244483213,89.52639374491773,96.90604336342493
6.40465174390288,54.43002148398086,89.65037919239327,41.4224652186711,5.97526668928398,48.796498021600186,77.3532391027109
6.9853300709163,61.03059763556056,81.8325629145782,90.09683234166422,4.256317295879991,49.57998096202904,90.41509033476319
2.5783415076110465,79.91126470318694,82.85959814409986,98.4814357629131,6.009381356183697,87.40499499828627,90.78228606308986
9.229707513324637,86.7831557119595,67.70296862878715,48.127572207681446,7.368781148920449,76.97744490124867,89.55710165407791
4.768934724028658,99.91737556964748,95.25967126579455,53.888512825917886,6.251751928903964,42.69163345766302,97.44599792596742
4.448246754245477,96.65566656717789,81.67572563519713,92.10457143681604,7.744815754301992,77.3528194277369,98.10003721097634
5.670259347545538,82.12825997675958,83.738863699349,95.5878278773711,5.784912147343319,58.53506337062596,91.46952323686739
1.4226937009754954,71.0624026647036,91.70145422724072,65.17764296840862,7.1737207055201475,62.123509328250755,80.83783891753417
2.4965503188047147,81.80886823541164,56.444295360531456,43.03734833614445,4.932099024269873,86.1838850978128,72.20331414723806
7.642302547837334,89.2825809040116,88.42425423200217,42.36351002156916,7.7468471832247845,88.65611156035663,93.357620159428
1.7451880113261382,55.91680954616937,51.71443617738952,74.43699196414062,6.728479844065129,64.02139761038984,67.64220765508576
6.428368985197494,70.4952444848144,60.72051713469327,63.57370653359074,5.020321942733003,96.82917616038128,82.01365959154067
3.2081419871318886,91.99011428178086,60.136627256190565,41.71914565465927,5.459555867489036,64.38776307712433,81.2794566011965
4.503660526377789,69.1916475966522,98.71152810334843,74.99514353875341,7.743043542909161,86.3101621138066,99.34192795873541
3.598243630936299,78.59361356135932,91.39223342487561,40.67815219534135,6.4130061783076036,69.03263587385554,82.65262496874246
4.201054448184542,79.38846804310991,82.07019169541559,87.24231748895639,5.080157201965362,93.85193959132505,91.6840293414272
7.471413146658209,59.22381265668197,83.62340569692341,58.385969362202296,8.836355951851488,94.46567461901071,95.24893702125797
3.6740954406085753,68.11177208261442,73.72436766415427,42.41548018055393,7.57562509908444,45.24500847226503,75.7982206571803
6.097641762672074,66.72556443709661,96.82544002651115,75.3011332589892,8.785674162698982,96.18959987861354,100.0
5.284453619791897,51.30983542660324,69.77552517294168,63.86106486598328,6.135525226801716,89.53209049122495,80.70183821643448
6.973040488263833,51.209588194567765,62.831062592193675,98.42802480142896,6.375501703458602,87.47864285876001,90.36715409170758
9.431467653922821,91.58485218378868,49.78212021589546,72.65191975022213,8.489776080925097,52.05468038113135,90.61359540332403
7.593148874892252,63.65354049864062,87.17233913566348,56.514350862220496,6.625246701226923,88.30715252527989,93.88289271421847
2.934463407316811,75.90393831194078,84.06663592453549,82.56633187803848,7.536394559528336,91.00796408110222,83.58587254964033
1.2806482155515622,64.93627867943866,63.06130231144809,56.28952015256268,5.26086438747765,57.34902006724906,69.47099949173688
3.360376398698426,97.03396225576702,41.51160483755376,94.25459748445391,6.233632343513203,97.13560470173942,86.79185045208095
6.355701376302293,62.964837943288686,90.33983966308065,62.483318230442585,4.617249329051775,42.99160878394986,82.79478785944482
1.462832321358253,71.48284063694675,40.68507900724442,72.99211376657232,5.029900179384809,48.99455519482838,69.33403471663539
5.467296224811127,93.63651252423008,82.22198677774306,43.03438622945373,4.004717076338156,72.25486828309086,88.85201113628985
6.371585640252003,92.09667833959043,98.21542658356341,65.56727427713385,4.196325258243301,74.54754826733858,96.83660600399621
4.008195017352648,59.305070892313864,66.2596796888922,89.9418123796597,8.886419115884646,78.70900499805421,88.36844136180198
7.938209833712397,90.13216548978552,54.09840429975716,88.33892832180052,5.211768475683812,41.01814775892799,90.89512293642578
1.9593842782039461,72.90934433689463,82.29226060260291,53.45911353121157,7.31655354752001,97.62200647732782,84.69477444843892
1.6762400356222789,74.14844360426775,89.0276885209351,53.56474426063376,8.195498493998057,42.675285564048636,75.85502003577605
7.55369880583243,56.67399862079719,72.78581896467084,89.03831873279421,6.753302296182821,48.583717163404145,90.82762936054303
5.459421845855786,54.03007568785623,98.02211651536877,95.82390521015952,4.7657225004197805,40.84087105156342,89.52027085620044
7.195621567849624,86.39696534868827,43.100123299477666,45.72165527638021,7.640582186680832,74.01150599764568,83.25562692246424
4.913446047433716,74.82305761776499,70.28773589827169,67.00351836557351,7.001257050497915,95.93601303525833,81.36242054017985
3.2176182991519613,71.84253513075898,83.107236839353,60.24725673785374,7.656252946736876,79.95682996482785,83.52469677211086
8.371920859067798,86.47541143261984,91.75842826895074,92.24130732744635,7.8487331142854355,89.35944810882563,100.0
8.194742910720812,88.27564494955548,50.755336714467404,45.01149488080112,8.877051838423725,40.7968722075148,79.47533782067971
7.252268237689841,57.94540838346768,88.00020890582088,52.66755655348224,6.86781640013355,72.52091790878356,87.9076447342769
3.449306235069664,80.51125747388207,73.1624245431127,85.14810025518966,5.708205563453009,67.57377865033132,84.29833449178427
6.312076001821784,56.76770411388428,63.7932209193978,43.077630938872936,7.2423227845011855,69.93807665324758,72.34061472462285
4.248765072460241,87.56875430145229,47.90290171474561,69.55212284285736,4.34220354621313,44.332791120111274,64.4810998253203
1.8242386599397074,82.84775781335698,91.91774553453475,66.52642208078319,8.48698659160793,81.06612166415844,88.77619338524796
9.255822179160186,97.8307310541729,49.43639249078292,60.06407073932492,4.596905056690984,70.19322489151807,91.66273520648983
2.2313676782706526,53.44790081782106,58.58727155254596,63.67433891913542,5.639214189429091,85.90893099167585,69.3684979534901
9.552136184387223,52.852736057562716,57.40273191774621,71.79643521581397,8.078726903130605,69.11743804370292,87.79485067100107
5.014051956621602,64.10935373466,92.28484205145125,49.68204150330298,6.986561891653559,48.96289817358593,83.90441906664982
